image,x_min,y_min,x_max,y_max,center_x,center_y,path,true_label,predicted_label
benign (1)_mask.png,228,119,486,285,356,201,../Dataset_BUSI_with_GT/benign/benign (1).png,1,1
benign (10)_mask.png,60,224,243,360,152,292,../Dataset_BUSI_with_GT/benign/benign (10).png,1,1
benign (101)_mask.png,392,183,563,297,482,240,../Dataset_BUSI_with_GT/benign/benign (101).png,1,1
benign (102)_mask.png,266,141,526,275,396,206,../Dataset_BUSI_with_GT/benign/benign (102).png,1,1
benign (103)_mask.png,191,240,434,449,311,344,../Dataset_BUSI_with_GT/benign/benign (103).png,1,1
benign (104)_mask.png,513,82,777,399,652,239,../Dataset_BUSI_with_GT/benign/benign (104).png,1,1
benign (106)_mask.png,191,214,450,425,321,319,../Dataset_BUSI_with_GT/benign/benign (106).png,1,1
benign (107)_mask.png,389,244,562,442,474,343,../Dataset_BUSI_with_GT/benign/benign (107).png,1,1
benign (109)_mask.png,155,190,424,339,288,264,../Dataset_BUSI_with_GT/benign/benign (109).png,1,1
benign (11)_mask.png,341,154,578,353,458,254,../Dataset_BUSI_with_GT/benign/benign (11).png,1,1
benign (110)_mask.png,136,133,381,284,257,208,../Dataset_BUSI_with_GT/benign/benign (110).png,1,1
benign (111)_mask.png,164,121,239,227,201,174,../Dataset_BUSI_with_GT/benign/benign (111).png,1,1
benign (112)_mask.png,168,101,323,275,244,188,../Dataset_BUSI_with_GT/benign/benign (112).png,1,1
benign (113)_mask.png,470,183,719,397,593,288,../Dataset_BUSI_with_GT/benign/benign (113).png,1,1
benign (114)_mask.png,152,382,473,505,310,444,../Dataset_BUSI_with_GT/benign/benign (114).png,1,1
benign (115)_mask.png,281,186,425,341,353,263,../Dataset_BUSI_with_GT/benign/benign (115).png,1,1
benign (116)_mask.png,116,322,410,511,263,417,../Dataset_BUSI_with_GT/benign/benign (116).png,1,1
benign (117)_mask.png,550,233,744,414,647,322,../Dataset_BUSI_with_GT/benign/benign (117).png,1,1
benign (118)_mask.png,183,74,425,274,303,174,../Dataset_BUSI_with_GT/benign/benign (118).png,1,1
benign (119)_mask.png,173,365,377,514,275,438,../Dataset_BUSI_with_GT/benign/benign (119).png,1,1
benign (120)_mask.png,0,142,259,316,119,229,../Dataset_BUSI_with_GT/benign/benign (120).png,1,1
benign (121)_mask.png,302,89,478,277,389,182,../Dataset_BUSI_with_GT/benign/benign (121).png,1,1
benign (122)_mask.png,193,316,514,507,352,412,../Dataset_BUSI_with_GT/benign/benign (122).png,1,1
benign (123)_mask.png,303,149,512,340,407,245,../Dataset_BUSI_with_GT/benign/benign (123).png,1,1
benign (124)_mask.png,184,158,397,356,290,257,../Dataset_BUSI_with_GT/benign/benign (124).png,1,1
benign (128)_mask.png,142,103,328,216,235,159,../Dataset_BUSI_with_GT/benign/benign (128).png,1,1
benign (13)_mask.png,227,219,569,420,396,318,../Dataset_BUSI_with_GT/benign/benign (13).png,1,1
benign (130)_mask.png,82,122,296,270,189,196,../Dataset_BUSI_with_GT/benign/benign (130).png,1,1
benign (131)_mask.png,322,97,534,207,427,151,../Dataset_BUSI_with_GT/benign/benign (131).png,1,1
benign (132)_mask.png,271,122,431,224,349,172,../Dataset_BUSI_with_GT/benign/benign (132).png,1,1
benign (133)_mask.png,149,88,275,174,212,131,../Dataset_BUSI_with_GT/benign/benign (133).png,1,1
benign (135)_mask.png,187,75,398,267,291,171,../Dataset_BUSI_with_GT/benign/benign (135).png,1,1
benign (136)_mask.png,122,191,403,350,261,269,../Dataset_BUSI_with_GT/benign/benign (136).png,1,1
benign (137)_mask.png,86,214,312,345,197,278,../Dataset_BUSI_with_GT/benign/benign (137).png,1,1
benign (138)_mask.png,406,72,588,259,495,166,../Dataset_BUSI_with_GT/benign/benign (138).png,1,1
benign (139)_mask.png,301,81,482,219,392,150,../Dataset_BUSI_with_GT/benign/benign (139).png,1,1
benign (14)_mask.png,396,144,620,350,508,246,../Dataset_BUSI_with_GT/benign/benign (14).png,1,1
benign (140)_mask.png,183,424,343,591,262,514,../Dataset_BUSI_with_GT/benign/benign (140).png,1,1
benign (141)_mask.png,273,182,427,328,349,254,../Dataset_BUSI_with_GT/benign/benign (141).png,1,1
benign (142)_mask.png,273,150,473,272,371,210,../Dataset_BUSI_with_GT/benign/benign (142).png,1,1
benign (144)_mask.png,113,95,364,264,237,178,../Dataset_BUSI_with_GT/benign/benign (144).png,1,1
benign (145)_mask.png,427,307,685,443,556,374,../Dataset_BUSI_with_GT/benign/benign (145).png,1,1
benign (146)_mask.png,114,74,260,270,186,172,../Dataset_BUSI_with_GT/benign/benign (146).png,1,1
benign (147)_mask.png,158,103,352,210,254,157,../Dataset_BUSI_with_GT/benign/benign (147).png,1,1
benign (149)_mask.png,146,127,330,279,238,202,../Dataset_BUSI_with_GT/benign/benign (149).png,1,1
benign (15)_mask.png,175,136,375,309,275,223,../Dataset_BUSI_with_GT/benign/benign (15).png,1,1
benign (150)_mask.png,368,211,548,343,458,277,../Dataset_BUSI_with_GT/benign/benign (150).png,1,1
benign (151)_mask.png,287,121,447,221,367,171,../Dataset_BUSI_with_GT/benign/benign (151).png,1,1
benign (152)_mask.png,292,229,436,355,364,292,../Dataset_BUSI_with_GT/benign/benign (152).png,1,1
benign (153)_mask.png,410,112,606,284,506,197,../Dataset_BUSI_with_GT/benign/benign (153).png,1,1
benign (154)_mask.png,223,130,402,275,312,203,../Dataset_BUSI_with_GT/benign/benign (154).png,1,1
benign (155)_mask.png,185,281,471,507,328,393,../Dataset_BUSI_with_GT/benign/benign (155).png,1,1
benign (157)_mask.png,301,91,496,213,397,151,../Dataset_BUSI_with_GT/benign/benign (157).png,1,1
benign (160)_mask.png,153,151,292,323,222,237,../Dataset_BUSI_with_GT/benign/benign (160).png,1,1
benign (161)_mask.png,387,117,517,217,451,167,../Dataset_BUSI_with_GT/benign/benign (161).png,1,1
benign (162)_mask.png,166,115,340,228,252,172,../Dataset_BUSI_with_GT/benign/benign (162).png,1,1
benign (163)_mask.png,142,149,507,270,323,208,../Dataset_BUSI_with_GT/benign/benign (163).png,1,1
benign (165)_mask.png,117,103,279,209,196,155,../Dataset_BUSI_with_GT/benign/benign (165).png,1,1
benign (166)_mask.png,299,176,443,283,371,229,../Dataset_BUSI_with_GT/benign/benign (166).png,1,1
benign (167)_mask.png,222,157,373,281,298,219,../Dataset_BUSI_with_GT/benign/benign (167).png,1,1
benign (171)_mask.png,229,119,424,227,325,173,../Dataset_BUSI_with_GT/benign/benign (171).png,1,1
benign (173)_mask.png,346,0,648,176,495,81,../Dataset_BUSI_with_GT/benign/benign (173).png,1,1
benign (174)_mask.png,121,142,337,295,228,218,../Dataset_BUSI_with_GT/benign/benign (174).png,1,1
benign (176)_mask.png,178,123,395,228,287,176,../Dataset_BUSI_with_GT/benign/benign (176).png,1,1
benign (178)_mask.png,282,303,568,506,423,403,../Dataset_BUSI_with_GT/benign/benign (178).png,1,1
benign (179)_mask.png,280,85,374,213,327,148,../Dataset_BUSI_with_GT/benign/benign (179).png,1,1
benign (18)_mask.png,186,190,463,351,324,270,../Dataset_BUSI_with_GT/benign/benign (18).png,1,1
benign (180)_mask.png,398,251,623,441,510,345,../Dataset_BUSI_with_GT/benign/benign (180).png,1,1
benign (181)_mask.png,212,117,647,314,428,215,../Dataset_BUSI_with_GT/benign/benign (181).png,1,1
benign (182)_mask.png,304,119,470,221,386,169,../Dataset_BUSI_with_GT/benign/benign (182).png,1,1
benign (183)_mask.png,192,179,437,356,314,268,../Dataset_BUSI_with_GT/benign/benign (183).png,1,1
benign (184)_mask.png,90,126,210,284,149,204,../Dataset_BUSI_with_GT/benign/benign (184).png,1,1
benign (185)_mask.png,120,158,446,417,282,288,../Dataset_BUSI_with_GT/benign/benign (185).png,1,1
benign (186)_mask.png,403,274,651,456,525,363,../Dataset_BUSI_with_GT/benign/benign (186).png,1,1
benign (188)_mask.png,271,72,485,187,377,128,../Dataset_BUSI_with_GT/benign/benign (188).png,1,1
benign (189)_mask.png,145,107,337,224,240,166,../Dataset_BUSI_with_GT/benign/benign (189).png,1,1
benign (19)_mask.png,364,222,568,349,464,286,../Dataset_BUSI_with_GT/benign/benign (19).png,1,1
benign (191)_mask.png,144,109,328,214,235,161,../Dataset_BUSI_with_GT/benign/benign (191).png,1,1
benign (192)_mask.png,308,181,489,281,397,230,../Dataset_BUSI_with_GT/benign/benign (192).png,1,1
benign (193)_mask.png,498,170,666,346,582,258,../Dataset_BUSI_with_GT/benign/benign (193).png,1,1
benign (194)_mask.png,501,338,711,492,612,419,../Dataset_BUSI_with_GT/benign/benign (194).png,1,1
benign (195)_mask.png,371,272,657,520,514,395,../Dataset_BUSI_with_GT/benign/benign (195).png,1,1
benign (195)_mask_2_mask.png,455,417,729,611,598,520,../Dataset_BUSI_with_GT/benign/benign (195)_mask_2.png,1,1
benign (196)_mask.png,318,85,581,271,447,178,../Dataset_BUSI_with_GT/benign/benign (196).png,1,1
benign (198)_mask.png,389,224,616,379,501,300,../Dataset_BUSI_with_GT/benign/benign (198).png,1,1
benign (199)_mask.png,79,168,273,342,176,255,../Dataset_BUSI_with_GT/benign/benign (199).png,1,1
benign (2)_mask.png,136,249,290,367,213,308,../Dataset_BUSI_with_GT/benign/benign (2).png,1,1
benign (20)_mask.png,165,120,242,255,203,187,../Dataset_BUSI_with_GT/benign/benign (20).png,1,1
benign (200)_mask.png,210,122,403,259,306,190,../Dataset_BUSI_with_GT/benign/benign (200).png,1,1
benign (201)_mask.png,156,120,394,268,275,194,../Dataset_BUSI_with_GT/benign/benign (201).png,1,1
benign (202)_mask.png,140,56,411,196,276,125,../Dataset_BUSI_with_GT/benign/benign (202).png,1,1
benign (203)_mask.png,299,130,495,279,396,203,../Dataset_BUSI_with_GT/benign/benign (203).png,1,1
benign (205)_mask.png,0,178,161,308,74,242,../Dataset_BUSI_with_GT/benign/benign (205).png,1,1
benign (207)_mask.png,203,122,416,234,308,178,../Dataset_BUSI_with_GT/benign/benign (207).png,1,1
benign (208)_mask.png,148,124,331,271,238,196,../Dataset_BUSI_with_GT/benign/benign (208).png,1,1
benign (209)_mask.png,166,117,373,274,269,195,../Dataset_BUSI_with_GT/benign/benign (209).png,1,1
benign (21)_mask.png,226,120,416,267,321,193,../Dataset_BUSI_with_GT/benign/benign (21).png,1,1
benign (210)_mask.png,65,124,236,246,150,185,../Dataset_BUSI_with_GT/benign/benign (210).png,1,1
benign (211)_mask.png,226,124,442,276,333,199,../Dataset_BUSI_with_GT/benign/benign (211).png,1,1
benign (212)_mask.png,283,138,465,282,373,209,../Dataset_BUSI_with_GT/benign/benign (212).png,1,1
benign (213)_mask.png,253,128,432,288,342,208,../Dataset_BUSI_with_GT/benign/benign (213).png,1,1
benign (214)_mask.png,403,99,564,182,483,139,../Dataset_BUSI_with_GT/benign/benign (214).png,1,1
benign (215)_mask.png,158,47,401,185,278,116,../Dataset_BUSI_with_GT/benign/benign (215).png,1,1
benign (216)_mask.png,386,65,576,174,481,118,../Dataset_BUSI_with_GT/benign/benign (216).png,1,1
benign (217)_mask.png,336,42,535,146,436,93,../Dataset_BUSI_with_GT/benign/benign (217).png,1,1
benign (218)_mask.png,260,99,448,208,354,153,../Dataset_BUSI_with_GT/benign/benign (218).png,1,1
benign (219)_mask.png,355,54,608,180,488,116,../Dataset_BUSI_with_GT/benign/benign (219).png,1,1
benign (22)_mask.png,183,250,338,378,260,314,../Dataset_BUSI_with_GT/benign/benign (22).png,1,1
benign (220)_mask.png,410,159,554,334,481,245,../Dataset_BUSI_with_GT/benign/benign (220).png,1,1
benign (222)_mask.png,189,150,361,274,275,211,../Dataset_BUSI_with_GT/benign/benign (222).png,1,1
benign (223)_mask.png,213,118,413,222,313,170,../Dataset_BUSI_with_GT/benign/benign (223).png,1,1
benign (224)_mask.png,131,119,309,278,220,198,../Dataset_BUSI_with_GT/benign/benign (224).png,1,1
benign (225)_mask.png,241,103,468,219,353,160,../Dataset_BUSI_with_GT/benign/benign (225).png,1,1
benign (226)_mask.png,178,184,396,355,287,270,../Dataset_BUSI_with_GT/benign/benign (226).png,1,1
benign (227)_mask.png,230,219,493,390,361,305,../Dataset_BUSI_with_GT/benign/benign (227).png,1,1
benign (228)_mask.png,246,159,429,324,336,240,../Dataset_BUSI_with_GT/benign/benign (228).png,1,1
benign (229)_mask.png,299,197,425,346,362,270,../Dataset_BUSI_with_GT/benign/benign (229).png,1,1
benign (23)_mask.png,424,312,605,447,514,379,../Dataset_BUSI_with_GT/benign/benign (23).png,1,1
benign (230)_mask.png,141,117,411,285,275,201,../Dataset_BUSI_with_GT/benign/benign (230).png,1,1
benign (232)_mask.png,218,117,403,272,311,194,../Dataset_BUSI_with_GT/benign/benign (232).png,1,1
benign (233)_mask.png,283,56,484,174,382,115,../Dataset_BUSI_with_GT/benign/benign (233).png,1,1
benign (234)_mask.png,155,123,343,265,248,194,../Dataset_BUSI_with_GT/benign/benign (234).png,1,1
benign (235)_mask.png,220,119,500,286,360,202,../Dataset_BUSI_with_GT/benign/benign (235).png,1,1
benign (236)_mask.png,73,104,283,236,176,169,../Dataset_BUSI_with_GT/benign/benign (236).png,1,1
benign (237)_mask.png,226,122,418,280,321,200,../Dataset_BUSI_with_GT/benign/benign (237).png,1,1
benign (239)_mask.png,272,57,417,209,345,133,../Dataset_BUSI_with_GT/benign/benign (239).png,1,1
benign (24)_mask.png,297,239,414,348,354,293,../Dataset_BUSI_with_GT/benign/benign (24).png,1,1
benign (240)_mask.png,233,120,424,223,327,171,../Dataset_BUSI_with_GT/benign/benign (240).png,1,1
benign (241)_mask.png,148,54,303,172,225,113,../Dataset_BUSI_with_GT/benign/benign (241).png,1,1
benign (242)_mask.png,191,74,436,258,312,165,../Dataset_BUSI_with_GT/benign/benign (242).png,1,1
benign (243)_mask.png,277,54,480,168,378,111,../Dataset_BUSI_with_GT/benign/benign (243).png,1,1
benign (244)_mask.png,252,97,450,220,350,159,../Dataset_BUSI_with_GT/benign/benign (244).png,1,1
benign (245)_mask.png,225,114,400,236,312,174,../Dataset_BUSI_with_GT/benign/benign (245).png,1,1
benign (246)_mask.png,129,76,338,212,232,144,../Dataset_BUSI_with_GT/benign/benign (246).png,1,1
benign (247)_mask.png,90,93,221,187,154,139,../Dataset_BUSI_with_GT/benign/benign (247).png,1,1
benign (248)_mask.png,54,161,263,299,158,230,../Dataset_BUSI_with_GT/benign/benign (248).png,1,1
benign (249)_mask.png,128,82,282,181,205,132,../Dataset_BUSI_with_GT/benign/benign (249).png,1,1
benign (250)_mask.png,215,205,393,307,303,256,../Dataset_BUSI_with_GT/benign/benign (250).png,1,1
benign (251)_mask.png,218,93,352,176,285,134,../Dataset_BUSI_with_GT/benign/benign (251).png,1,1
benign (252)_mask.png,107,101,234,209,171,154,../Dataset_BUSI_with_GT/benign/benign (252).png,1,1
benign (253)_mask.png,221,97,355,225,287,160,../Dataset_BUSI_with_GT/benign/benign (253).png,1,1
benign (254)_mask.png,185,104,356,234,270,168,../Dataset_BUSI_with_GT/benign/benign (254).png,1,1
benign (255)_mask.png,249,100,352,180,299,140,../Dataset_BUSI_with_GT/benign/benign (255).png,1,1
benign (256)_mask.png,121,47,242,174,182,111,../Dataset_BUSI_with_GT/benign/benign (256).png,1,1
benign (257)_mask.png,235,43,362,162,298,103,../Dataset_BUSI_with_GT/benign/benign (257).png,1,1
benign (258)_mask.png,233,48,356,175,294,111,../Dataset_BUSI_with_GT/benign/benign (258).png,1,1
benign (259)_mask.png,247,186,354,289,301,236,../Dataset_BUSI_with_GT/benign/benign (259).png,1,1
benign (26)_mask.png,136,191,319,346,227,269,../Dataset_BUSI_with_GT/benign/benign (26).png,1,1
benign (260)_mask.png,315,79,498,155,411,116,../Dataset_BUSI_with_GT/benign/benign (260).png,1,1
benign (261)_mask.png,161,99,303,225,232,161,../Dataset_BUSI_with_GT/benign/benign (261).png,1,1
benign (262)_mask.png,0,161,94,255,42,207,../Dataset_BUSI_with_GT/benign/benign (262).png,1,1
benign (263)_mask.png,174,175,334,292,253,233,../Dataset_BUSI_with_GT/benign/benign (263).png,1,1
benign (264)_mask.png,202,101,342,225,272,162,../Dataset_BUSI_with_GT/benign/benign (264).png,1,1
benign (265)_mask.png,284,79,544,161,420,120,../Dataset_BUSI_with_GT/benign/benign (265).png,1,1
benign (266)_mask.png,113,253,257,342,185,296,../Dataset_BUSI_with_GT/benign/benign (266).png,1,1
benign (267)_mask.png,131,113,254,210,191,162,../Dataset_BUSI_with_GT/benign/benign (267).png,1,1
benign (268)_mask.png,212,76,384,156,298,116,../Dataset_BUSI_with_GT/benign/benign (268).png,1,1
benign (269)_mask.png,143,170,305,290,224,229,../Dataset_BUSI_with_GT/benign/benign (269).png,1,1
benign (27)_mask.png,335,149,573,288,452,218,../Dataset_BUSI_with_GT/benign/benign (27).png,1,1
benign (270)_mask.png,276,49,444,152,359,101,../Dataset_BUSI_with_GT/benign/benign (270).png,1,1
benign (272)_mask.png,193,39,415,100,304,69,../Dataset_BUSI_with_GT/benign/benign (272).png,1,1
benign (273)_mask.png,277,121,495,268,385,194,../Dataset_BUSI_with_GT/benign/benign (273).png,1,1
benign (274)_mask.png,230,121,414,237,322,178,../Dataset_BUSI_with_GT/benign/benign (274).png,1,1
benign (276)_mask.png,211,120,400,277,304,198,../Dataset_BUSI_with_GT/benign/benign (276).png,1,1
benign (277)_mask.png,111,64,481,274,295,169,../Dataset_BUSI_with_GT/benign/benign (277).png,1,1
benign (279)_mask.png,145,54,344,208,243,131,../Dataset_BUSI_with_GT/benign/benign (279).png,1,1
benign (28)_mask.png,563,369,743,556,653,462,../Dataset_BUSI_with_GT/benign/benign (28).png,1,1
benign (280)_mask.png,290,195,419,346,354,271,../Dataset_BUSI_with_GT/benign/benign (280).png,1,1
benign (281)_mask.png,415,98,605,206,515,152,../Dataset_BUSI_with_GT/benign/benign (281).png,1,1
benign (283)_mask.png,94,192,302,335,196,263,../Dataset_BUSI_with_GT/benign/benign (283).png,1,1
benign (284)_mask.png,186,119,510,284,347,201,../Dataset_BUSI_with_GT/benign/benign (284).png,1,1
benign (285)_mask.png,161,149,298,337,228,242,../Dataset_BUSI_with_GT/benign/benign (285).png,1,1
benign (286)_mask.png,155,124,337,231,246,177,../Dataset_BUSI_with_GT/benign/benign (286).png,1,1
benign (29)_mask.png,65,121,257,272,160,195,../Dataset_BUSI_with_GT/benign/benign (29).png,1,1
benign (291)_mask.png,125,101,276,202,200,151,../Dataset_BUSI_with_GT/benign/benign (291).png,1,1
benign (293)_mask.png,200,97,399,178,299,137,../Dataset_BUSI_with_GT/benign/benign (293).png,1,1
benign (294)_mask.png,115,102,410,221,261,161,../Dataset_BUSI_with_GT/benign/benign (294).png,1,1
benign (295)_mask.png,200,148,349,279,273,214,../Dataset_BUSI_with_GT/benign/benign (295).png,1,1
benign (296)_mask.png,235,82,377,180,305,130,../Dataset_BUSI_with_GT/benign/benign (296).png,1,1
benign (297)_mask.png,187,99,331,235,258,167,../Dataset_BUSI_with_GT/benign/benign (297).png,1,1
benign (298)_mask.png,58,102,243,192,149,146,../Dataset_BUSI_with_GT/benign/benign (298).png,1,1
benign (299)_mask.png,219,47,388,159,303,103,../Dataset_BUSI_with_GT/benign/benign (299).png,1,1
benign (3)_mask.png,343,172,493,288,418,229,../Dataset_BUSI_with_GT/benign/benign (3).png,1,1
benign (30)_mask.png,129,96,303,210,216,152,../Dataset_BUSI_with_GT/benign/benign (30).png,1,1
benign (300)_mask.png,140,138,276,243,208,190,../Dataset_BUSI_with_GT/benign/benign (300).png,1,1
benign (301)_mask.png,163,63,388,176,274,119,../Dataset_BUSI_with_GT/benign/benign (301).png,1,1
benign (302)_mask.png,164,97,295,215,228,156,../Dataset_BUSI_with_GT/benign/benign (302).png,1,1
benign (303)_mask.png,119,44,289,177,204,110,../Dataset_BUSI_with_GT/benign/benign (303).png,1,1
benign (304)_mask.png,108,95,235,181,170,138,../Dataset_BUSI_with_GT/benign/benign (304).png,1,1
benign (305)_mask.png,187,97,337,206,262,151,../Dataset_BUSI_with_GT/benign/benign (305).png,1,1
benign (307)_mask.png,89,144,342,277,214,209,../Dataset_BUSI_with_GT/benign/benign (307).png,1,1
benign (308)_mask.png,214,114,389,236,300,175,../Dataset_BUSI_with_GT/benign/benign (308).png,1,1
benign (310)_mask.png,274,56,483,215,378,135,../Dataset_BUSI_with_GT/benign/benign (310).png,1,1
benign (311)_mask.png,117,128,301,248,208,188,../Dataset_BUSI_with_GT/benign/benign (311).png,1,1
benign (312)_mask.png,135,199,258,350,197,273,../Dataset_BUSI_with_GT/benign/benign (312).png,1,1
benign (313)_mask.png,126,94,324,225,225,158,../Dataset_BUSI_with_GT/benign/benign (313).png,1,1
benign (314)_mask.png,42,123,183,224,111,173,../Dataset_BUSI_with_GT/benign/benign (314).png,1,1
benign (315)_mask.png,285,77,479,214,381,144,../Dataset_BUSI_with_GT/benign/benign (315).png,1,1
benign (316)_mask.png,81,171,410,349,245,259,../Dataset_BUSI_with_GT/benign/benign (316).png,1,1
benign (317)_mask.png,268,67,415,225,341,146,../Dataset_BUSI_with_GT/benign/benign (317).png,1,1
benign (319)_mask.png,140,246,312,358,225,302,../Dataset_BUSI_with_GT/benign/benign (319).png,1,1
benign (32)_mask.png,87,155,310,343,199,248,../Dataset_BUSI_with_GT/benign/benign (32).png,1,1
benign (321)_mask.png,221,123,424,268,321,195,../Dataset_BUSI_with_GT/benign/benign (321).png,1,1
benign (322)_mask.png,215,238,364,366,289,302,../Dataset_BUSI_with_GT/benign/benign (322).png,1,1
benign (324)_mask.png,371,140,556,265,463,203,../Dataset_BUSI_with_GT/benign/benign (324).png,1,1
benign (325)_mask.png,213,174,443,351,328,262,../Dataset_BUSI_with_GT/benign/benign (325).png,1,1
benign (326)_mask.png,188,273,363,455,276,364,../Dataset_BUSI_with_GT/benign/benign (326).png,1,1
benign (328)_mask.png,363,144,516,324,440,232,../Dataset_BUSI_with_GT/benign/benign (328).png,1,1
benign (329)_mask.png,326,156,498,344,412,249,../Dataset_BUSI_with_GT/benign/benign (329).png,1,1
benign (33)_mask.png,71,121,275,275,173,198,../Dataset_BUSI_with_GT/benign/benign (33).png,1,1
benign (330)_mask.png,304,288,537,420,421,354,../Dataset_BUSI_with_GT/benign/benign (330).png,1,1
benign (333)_mask.png,62,187,270,393,166,289,../Dataset_BUSI_with_GT/benign/benign (333).png,1,1
benign (334)_mask.png,176,60,410,308,291,184,../Dataset_BUSI_with_GT/benign/benign (334).png,1,1
benign (335)_mask.png,82,284,291,449,185,366,../Dataset_BUSI_with_GT/benign/benign (335).png,1,1
benign (339)_mask.png,243,193,435,344,338,267,../Dataset_BUSI_with_GT/benign/benign (339).png,1,1
benign (34)_mask.png,144,121,348,252,246,187,../Dataset_BUSI_with_GT/benign/benign (34).png,1,1
benign (340)_mask.png,189,166,453,307,319,237,../Dataset_BUSI_with_GT/benign/benign (340).png,1,1
benign (341)_mask.png,179,205,411,368,295,286,../Dataset_BUSI_with_GT/benign/benign (341).png,1,1
benign (342)_mask.png,176,219,513,380,344,300,../Dataset_BUSI_with_GT/benign/benign (342).png,1,1
benign (343)_mask.png,80,54,259,152,168,102,../Dataset_BUSI_with_GT/benign/benign (343).png,1,1
benign (344)_mask.png,154,83,349,205,252,143,../Dataset_BUSI_with_GT/benign/benign (344).png,1,1
benign (345)_mask.png,149,128,343,276,245,201,../Dataset_BUSI_with_GT/benign/benign (345).png,1,1
benign (347)_mask.png,205,152,380,311,291,231,../Dataset_BUSI_with_GT/benign/benign (347).png,1,1
benign (348)_mask.png,711,285,1028,436,881,360,../Dataset_BUSI_with_GT/benign/benign (348).png,1,1
benign (349)_mask.png,198,119,413,237,304,178,../Dataset_BUSI_with_GT/benign/benign (349).png,1,1
benign (35)_mask.png,29,125,203,282,116,204,../Dataset_BUSI_with_GT/benign/benign (35).png,1,1
benign (350)_mask.png,329,261,673,429,501,344,../Dataset_BUSI_with_GT/benign/benign (350).png,1,1
benign (352)_mask.png,365,51,506,191,434,120,../Dataset_BUSI_with_GT/benign/benign (352).png,1,1
benign (353)_mask.png,170,114,358,268,264,189,../Dataset_BUSI_with_GT/benign/benign (353).png,1,1
benign (354)_mask.png,221,170,392,359,305,264,../Dataset_BUSI_with_GT/benign/benign (354).png,1,1
benign (355)_mask.png,352,155,605,336,479,245,../Dataset_BUSI_with_GT/benign/benign (355).png,1,1
benign (357)_mask.png,210,141,370,264,290,203,../Dataset_BUSI_with_GT/benign/benign (357).png,1,1
benign (358)_mask.png,138,118,307,266,222,191,../Dataset_BUSI_with_GT/benign/benign (358).png,1,1
benign (359)_mask.png,212,125,361,278,286,202,../Dataset_BUSI_with_GT/benign/benign (359).png,1,1
benign (36)_mask.png,216,234,455,421,335,327,../Dataset_BUSI_with_GT/benign/benign (36).png,1,1
benign (362)_mask.png,144,116,348,215,246,165,../Dataset_BUSI_with_GT/benign/benign (362).png,1,1
benign (363)_mask.png,164,172,402,299,282,235,../Dataset_BUSI_with_GT/benign/benign (363).png,1,1
benign (364)_mask.png,141,118,340,222,241,170,../Dataset_BUSI_with_GT/benign/benign (364).png,1,1
benign (366)_mask.png,193,119,418,264,306,192,../Dataset_BUSI_with_GT/benign/benign (366).png,1,1
benign (367)_mask.png,212,160,350,406,280,282,../Dataset_BUSI_with_GT/benign/benign (367).png,1,1
benign (368)_mask.png,79,141,313,279,196,210,../Dataset_BUSI_with_GT/benign/benign (368).png,1,1
benign (37)_mask.png,141,91,293,211,216,150,../Dataset_BUSI_with_GT/benign/benign (37).png,1,1
benign (371)_mask.png,327,152,563,336,445,244,../Dataset_BUSI_with_GT/benign/benign (371).png,1,1
benign (372)_mask.png,140,177,306,351,223,263,../Dataset_BUSI_with_GT/benign/benign (372).png,1,1
benign (373)_mask.png,136,150,255,330,195,240,../Dataset_BUSI_with_GT/benign/benign (373).png,1,1
benign (375)_mask.png,283,163,546,341,415,252,../Dataset_BUSI_with_GT/benign/benign (375).png,1,1
benign (376)_mask.png,341,239,487,352,414,296,../Dataset_BUSI_with_GT/benign/benign (376).png,1,1
benign (377)_mask.png,298,103,577,278,436,190,../Dataset_BUSI_with_GT/benign/benign (377).png,1,1
benign (378)_mask.png,220,82,401,211,310,147,../Dataset_BUSI_with_GT/benign/benign (378).png,1,1
benign (38)_mask.png,272,123,434,222,353,172,../Dataset_BUSI_with_GT/benign/benign (38).png,1,1
benign (380)_mask.png,231,153,475,342,351,247,../Dataset_BUSI_with_GT/benign/benign (380).png,1,1
benign (381)_mask.png,190,144,420,262,303,203,../Dataset_BUSI_with_GT/benign/benign (381).png,1,1
benign (382)_mask.png,91,176,332,322,211,248,../Dataset_BUSI_with_GT/benign/benign (382).png,1,1
benign (383)_mask.png,214,173,389,336,300,255,../Dataset_BUSI_with_GT/benign/benign (383).png,1,1
benign (384)_mask.png,261,100,556,193,407,146,../Dataset_BUSI_with_GT/benign/benign (384).png,1,1
benign (385)_mask.png,174,106,341,208,258,157,../Dataset_BUSI_with_GT/benign/benign (385).png,1,1
benign (386)_mask.png,250,159,576,366,411,263,../Dataset_BUSI_with_GT/benign/benign (386).png,1,1
benign (387)_mask.png,213,132,470,290,340,210,../Dataset_BUSI_with_GT/benign/benign (387).png,1,1
benign (388)_mask.png,303,217,565,367,432,291,../Dataset_BUSI_with_GT/benign/benign (388).png,1,1
benign (389)_mask.png,360,146,624,278,492,212,../Dataset_BUSI_with_GT/benign/benign (389).png,1,1
benign (390)_mask.png,427,150,688,343,556,247,../Dataset_BUSI_with_GT/benign/benign (390).png,1,1
benign (391)_mask.png,141,229,380,410,260,319,../Dataset_BUSI_with_GT/benign/benign (391).png,1,1
benign (392)_mask.png,335,74,654,238,494,155,../Dataset_BUSI_with_GT/benign/benign (392).png,1,1
benign (393)_mask.png,207,114,409,265,308,189,../Dataset_BUSI_with_GT/benign/benign (393).png,1,1
benign (394)_mask.png,214,81,425,213,318,146,../Dataset_BUSI_with_GT/benign/benign (394).png,1,1
benign (396)_mask.png,50,0,185,256,118,122,../Dataset_BUSI_with_GT/benign/benign (396).png,1,1
benign (4)_mask.png,245,122,416,263,329,193,../Dataset_BUSI_with_GT/benign/benign (4).png,1,1
benign (400)_mask.png,201,150,459,290,330,220,../Dataset_BUSI_with_GT/benign/benign (400).png,1,1
benign (401)_mask.png,253,177,432,282,343,230,../Dataset_BUSI_with_GT/benign/benign (401).png,1,1
benign (402)_mask.png,137,121,415,259,275,190,../Dataset_BUSI_with_GT/benign/benign (402).png,1,1
benign (403)_mask.png,147,304,330,414,237,358,../Dataset_BUSI_with_GT/benign/benign (403).png,1,1
benign (405)_mask.png,146,120,341,267,242,193,../Dataset_BUSI_with_GT/benign/benign (405).png,1,1
benign (406)_mask.png,304,314,485,417,394,365,../Dataset_BUSI_with_GT/benign/benign (406).png,1,1
benign (407)_mask.png,127,116,282,214,205,164,../Dataset_BUSI_with_GT/benign/benign (407).png,1,1
benign (408)_mask.png,205,120,452,213,328,166,../Dataset_BUSI_with_GT/benign/benign (408).png,1,1
benign (409)_mask.png,0,255,97,353,42,303,../Dataset_BUSI_with_GT/benign/benign (409).png,1,1
benign (41)_mask.png,83,250,272,391,176,319,../Dataset_BUSI_with_GT/benign/benign (41).png,1,1
benign (410)_mask.png,132,135,256,279,194,206,../Dataset_BUSI_with_GT/benign/benign (410).png,1,1
benign (411)_mask.png,233,144,448,293,341,217,../Dataset_BUSI_with_GT/benign/benign (411).png,1,1
benign (412)_mask.png,201,151,476,339,337,244,../Dataset_BUSI_with_GT/benign/benign (412).png,1,1
benign (415)_mask.png,345,203,603,350,474,276,../Dataset_BUSI_with_GT/benign/benign (415).png,1,1
benign (416)_mask.png,227,158,619,397,423,276,../Dataset_BUSI_with_GT/benign/benign (416).png,1,1
benign (417)_mask.png,213,102,395,189,304,144,../Dataset_BUSI_with_GT/benign/benign (417).png,1,1
benign (418)_mask.png,159,96,365,223,262,158,../Dataset_BUSI_with_GT/benign/benign (418).png,1,1
benign (419)_mask.png,93,128,341,261,217,194,../Dataset_BUSI_with_GT/benign/benign (419).png,1,1
benign (42)_mask.png,324,83,521,202,422,142,../Dataset_BUSI_with_GT/benign/benign (42).png,1,1
benign (420)_mask.png,449,215,672,384,558,299,../Dataset_BUSI_with_GT/benign/benign (420).png,1,1
benign (421)_mask.png,135,195,265,350,199,271,../Dataset_BUSI_with_GT/benign/benign (421).png,1,1
benign (422)_mask.png,123,113,384,221,253,167,../Dataset_BUSI_with_GT/benign/benign (422).png,1,1
benign (423)_mask.png,295,54,498,211,395,132,../Dataset_BUSI_with_GT/benign/benign (423).png,1,1
benign (424)_mask.png,206,108,349,213,276,161,../Dataset_BUSI_with_GT/benign/benign (424).png,1,1
benign (425)_mask.png,291,125,475,297,383,211,../Dataset_BUSI_with_GT/benign/benign (425).png,1,1
benign (426)_mask.png,176,195,392,344,284,269,../Dataset_BUSI_with_GT/benign/benign (426).png,1,1
benign (427)_mask.png,337,140,605,274,470,206,../Dataset_BUSI_with_GT/benign/benign (427).png,1,1
benign (428)_mask.png,219,153,477,281,346,216,../Dataset_BUSI_with_GT/benign/benign (428).png,1,1
benign (429)_mask.png,314,50,501,156,407,103,../Dataset_BUSI_with_GT/benign/benign (429).png,1,1
benign (430)_mask.png,198,142,466,269,332,204,../Dataset_BUSI_with_GT/benign/benign (430).png,1,1
benign (431)_mask.png,322,48,514,178,418,113,../Dataset_BUSI_with_GT/benign/benign (431).png,1,1
benign (432)_mask.png,157,133,301,240,228,186,../Dataset_BUSI_with_GT/benign/benign (432).png,1,1
benign (433)_mask.png,375,55,483,167,429,111,../Dataset_BUSI_with_GT/benign/benign (433).png,1,2
benign (434)_mask.png,0,0,163,174,76,78,../Dataset_BUSI_with_GT/benign/benign (434).png,1,1
benign (435)_mask.png,145,115,327,215,236,165,../Dataset_BUSI_with_GT/benign/benign (435).png,1,1
benign (437)_mask.png,260,242,486,430,373,336,../Dataset_BUSI_with_GT/benign/benign (437).png,1,1
benign (45)_mask.png,190,233,377,422,283,326,../Dataset_BUSI_with_GT/benign/benign (45).png,1,1
benign (46)_mask.png,190,133,395,277,293,204,../Dataset_BUSI_with_GT/benign/benign (46).png,1,1
benign (48)_mask.png,231,226,543,429,387,327,../Dataset_BUSI_with_GT/benign/benign (48).png,1,1
benign (49)_mask.png,485,396,714,514,600,455,../Dataset_BUSI_with_GT/benign/benign (49).png,1,1
benign (50)_mask.png,102,202,394,350,248,274,../Dataset_BUSI_with_GT/benign/benign (50).png,1,1
benign (51)_mask.png,151,89,264,176,207,132,../Dataset_BUSI_with_GT/benign/benign (51).png,1,1
benign (52)_mask.png,189,78,294,153,241,116,../Dataset_BUSI_with_GT/benign/benign (52).png,1,1
benign (53)_mask.png,342,155,485,294,414,224,../Dataset_BUSI_with_GT/benign/benign (53).png,1,1
benign (55)_mask.png,187,156,470,427,327,290,../Dataset_BUSI_with_GT/benign/benign (55).png,1,1
benign (56)_mask.png,197,187,403,406,298,295,../Dataset_BUSI_with_GT/benign/benign (56).png,1,1
benign (57)_mask.png,195,113,361,216,277,163,../Dataset_BUSI_with_GT/benign/benign (57).png,1,1
benign (58)_mask.png,160,68,456,324,306,196,../Dataset_BUSI_with_GT/benign/benign (58).png,1,1
benign (59)_mask.png,369,117,515,215,442,165,../Dataset_BUSI_with_GT/benign/benign (59).png,1,1
benign (6)_mask.png,313,139,493,287,403,212,../Dataset_BUSI_with_GT/benign/benign (6).png,1,1
benign (61)_mask.png,165,175,410,381,286,278,../Dataset_BUSI_with_GT/benign/benign (61).png,1,1
benign (62)_mask.png,130,445,321,594,225,525,../Dataset_BUSI_with_GT/benign/benign (62).png,1,1
benign (63)_mask.png,323,197,458,391,390,294,../Dataset_BUSI_with_GT/benign/benign (63).png,1,1
benign (64)_mask.png,250,166,452,340,351,252,../Dataset_BUSI_with_GT/benign/benign (64).png,1,1
benign (65)_mask.png,297,95,463,222,380,158,../Dataset_BUSI_with_GT/benign/benign (65).png,1,1
benign (66)_mask.png,386,166,529,291,456,228,../Dataset_BUSI_with_GT/benign/benign (66).png,1,1
benign (67)_mask.png,129,158,283,285,205,220,../Dataset_BUSI_with_GT/benign/benign (67).png,1,1
benign (68)_mask.png,344,324,599,518,471,421,../Dataset_BUSI_with_GT/benign/benign (68).png,1,1
benign (70)_mask.png,175,125,350,258,261,190,../Dataset_BUSI_with_GT/benign/benign (70).png,1,1
benign (71)_mask.png,220,108,400,217,309,163,../Dataset_BUSI_with_GT/benign/benign (71).png,1,1
benign (72)_mask.png,64,159,256,280,159,220,../Dataset_BUSI_with_GT/benign/benign (72).png,1,1
benign (73)_mask.png,350,246,497,359,422,302,../Dataset_BUSI_with_GT/benign/benign (73).png,1,1
benign (74)_mask.png,400,135,561,264,485,200,../Dataset_BUSI_with_GT/benign/benign (74).png,1,1
benign (75)_mask.png,195,234,412,425,302,330,../Dataset_BUSI_with_GT/benign/benign (75).png,1,1
benign (76)_mask.png,166,180,386,406,276,293,../Dataset_BUSI_with_GT/benign/benign (76).png,1,1
benign (77)_mask.png,290,126,462,278,376,202,../Dataset_BUSI_with_GT/benign/benign (77).png,1,1
benign (78)_mask.png,204,151,468,318,336,234,../Dataset_BUSI_with_GT/benign/benign (78).png,1,1
benign (79)_mask.png,193,94,387,272,289,183,../Dataset_BUSI_with_GT/benign/benign (79).png,1,1
benign (8)_mask.png,220,169,432,347,325,258,../Dataset_BUSI_with_GT/benign/benign (8).png,1,1
benign (81)_mask.png,231,47,422,263,326,155,../Dataset_BUSI_with_GT/benign/benign (81).png,1,1
benign (82)_mask.png,304,247,497,380,401,312,../Dataset_BUSI_with_GT/benign/benign (82).png,1,1
benign (83)_mask.png,145,108,510,200,326,154,../Dataset_BUSI_with_GT/benign/benign (83).png,1,1
benign (84)_mask.png,340,157,625,323,483,239,../Dataset_BUSI_with_GT/benign/benign (84).png,1,1
benign (85)_mask.png,217,195,368,342,293,267,../Dataset_BUSI_with_GT/benign/benign (85).png,1,1
benign (87)_mask.png,178,191,380,339,277,265,../Dataset_BUSI_with_GT/benign/benign (87).png,1,1
benign (88)_mask.png,366,127,650,257,506,192,../Dataset_BUSI_with_GT/benign/benign (88).png,1,1
benign (89)_mask.png,554,205,893,424,733,313,../Dataset_BUSI_with_GT/benign/benign (89).png,1,1
benign (9)_mask.png,181,287,359,436,268,360,../Dataset_BUSI_with_GT/benign/benign (9).png,1,1
benign (90)_mask.png,193,148,448,330,320,238,../Dataset_BUSI_with_GT/benign/benign (90).png,1,1
benign (91)_mask.png,406,144,644,330,525,235,../Dataset_BUSI_with_GT/benign/benign (91).png,1,1
benign (92)_mask.png,320,161,657,349,487,254,../Dataset_BUSI_with_GT/benign/benign (92).png,1,1
benign (93)_mask.png,52,97,197,210,125,153,../Dataset_BUSI_with_GT/benign/benign (93).png,1,1
benign (94)_mask.png,119,275,332,426,225,351,../Dataset_BUSI_with_GT/benign/benign (94).png,1,1
benign (95)_mask.png,69,121,259,226,164,174,../Dataset_BUSI_with_GT/benign/benign (95).png,1,1
benign (97)_mask.png,211,121,441,232,325,176,../Dataset_BUSI_with_GT/benign/benign (97).png,1,1
benign (98)_mask.png,550,151,702,338,624,244,../Dataset_BUSI_with_GT/benign/benign (98).png,1,1
benign (99)_mask.png,284,109,477,222,380,166,../Dataset_BUSI_with_GT/benign/benign (99).png,1,1
malignant (1)_mask.png,116,184,376,387,246,285,../Dataset_BUSI_with_GT/malignant/malignant (1).png,2,2
malignant (10)_mask.png,365,245,462,347,418,296,../Dataset_BUSI_with_GT/malignant/malignant (10).png,2,2
malignant (100)_mask.png,164,102,395,227,278,163,../Dataset_BUSI_with_GT/malignant/malignant (100).png,2,2
malignant (101)_mask.png,141,187,693,399,417,291,../Dataset_BUSI_with_GT/malignant/malignant (101).png,2,2
malignant (102)_mask.png,282,194,682,418,482,305,../Dataset_BUSI_with_GT/malignant/malignant (102).png,2,2
malignant (104)_mask.png,269,147,415,302,341,224,../Dataset_BUSI_with_GT/malignant/malignant (104).png,2,2
malignant (107)_mask.png,149,107,352,255,249,180,../Dataset_BUSI_with_GT/malignant/malignant (107).png,2,2
malignant (108)_mask.png,303,180,562,348,433,264,../Dataset_BUSI_with_GT/malignant/malignant (108).png,2,2
malignant (109)_mask.png,278,302,414,433,345,367,../Dataset_BUSI_with_GT/malignant/malignant (109).png,2,2
malignant (110)_mask.png,99,182,440,306,268,243,../Dataset_BUSI_with_GT/malignant/malignant (110).png,2,2
malignant (111)_mask.png,67,98,308,302,187,199,../Dataset_BUSI_with_GT/malignant/malignant (111).png,2,2
malignant (112)_mask.png,389,294,549,414,475,353,../Dataset_BUSI_with_GT/malignant/malignant (112).png,2,2
malignant (113)_mask.png,402,195,552,292,475,243,../Dataset_BUSI_with_GT/malignant/malignant (113).png,2,2
malignant (114)_mask.png,177,115,300,260,238,188,../Dataset_BUSI_with_GT/malignant/malignant (114).png,2,2
malignant (115)_mask.png,298,105,448,211,373,158,../Dataset_BUSI_with_GT/malignant/malignant (115).png,2,2
malignant (116)_mask.png,467,100,582,201,530,151,../Dataset_BUSI_with_GT/malignant/malignant (116).png,2,2
malignant (117)_mask.png,68,102,259,217,163,158,../Dataset_BUSI_with_GT/malignant/malignant (117).png,2,2
malignant (118)_mask.png,87,128,260,282,173,204,../Dataset_BUSI_with_GT/malignant/malignant (118).png,2,2
malignant (119)_mask.png,125,113,269,303,196,207,../Dataset_BUSI_with_GT/malignant/malignant (119).png,2,2
malignant (12)_mask.png,94,159,419,295,256,227,../Dataset_BUSI_with_GT/malignant/malignant (12).png,2,2
malignant (120)_mask.png,211,161,347,287,279,224,../Dataset_BUSI_with_GT/malignant/malignant (120).png,2,2
malignant (121)_mask.png,0,133,163,235,75,184,../Dataset_BUSI_with_GT/malignant/malignant (121).png,2,2
malignant (124)_mask.png,75,119,545,363,316,240,../Dataset_BUSI_with_GT/malignant/malignant (124).png,2,2
malignant (125)_mask.png,223,267,335,413,278,340,../Dataset_BUSI_with_GT/malignant/malignant (125).png,2,2
malignant (127)_mask.png,150,55,511,294,329,174,../Dataset_BUSI_with_GT/malignant/malignant (127).png,2,2
malignant (129)_mask.png,63,104,426,280,243,192,../Dataset_BUSI_with_GT/malignant/malignant (129).png,2,2
malignant (13)_mask.png,225,210,357,350,290,280,../Dataset_BUSI_with_GT/malignant/malignant (13).png,2,2
malignant (130)_mask.png,220,126,341,303,279,214,../Dataset_BUSI_with_GT/malignant/malignant (130).png,2,2
malignant (131)_mask.png,496,240,604,339,555,290,../Dataset_BUSI_with_GT/malignant/malignant (131).png,2,2
malignant (132)_mask.png,102,220,217,363,159,290,../Dataset_BUSI_with_GT/malignant/malignant (132).png,2,2
malignant (133)_mask.png,254,77,412,290,333,184,../Dataset_BUSI_with_GT/malignant/malignant (133).png,2,2
malignant (134)_mask.png,300,170,474,289,387,229,../Dataset_BUSI_with_GT/malignant/malignant (134).png,2,2
malignant (135)_mask.png,141,229,512,402,324,316,../Dataset_BUSI_with_GT/malignant/malignant (135).png,2,2
malignant (137)_mask.png,94,234,139,299,116,266,../Dataset_BUSI_with_GT/malignant/malignant (137).png,2,2
malignant (139)_mask.png,203,101,409,211,306,156,../Dataset_BUSI_with_GT/malignant/malignant (139).png,2,2
malignant (140)_mask.png,0,126,209,303,97,214,../Dataset_BUSI_with_GT/malignant/malignant (140).png,2,2
malignant (141)_mask.png,154,120,275,251,215,186,../Dataset_BUSI_with_GT/malignant/malignant (141).png,2,2
malignant (142)_mask.png,146,184,335,307,240,244,../Dataset_BUSI_with_GT/malignant/malignant (142).png,2,2
malignant (144)_mask.png,138,127,337,281,237,203,../Dataset_BUSI_with_GT/malignant/malignant (144).png,2,2
malignant (145)_mask.png,375,55,483,167,429,111,../Dataset_BUSI_with_GT/malignant/malignant (145).png,2,2
malignant (146)_mask.png,305,106,474,233,390,169,../Dataset_BUSI_with_GT/malignant/malignant (146).png,2,2
malignant (147)_mask.png,226,121,497,346,362,233,../Dataset_BUSI_with_GT/malignant/malignant (147).png,2,2
malignant (148)_mask.png,146,115,352,262,248,188,../Dataset_BUSI_with_GT/malignant/malignant (148).png,2,2
malignant (149)_mask.png,415,227,592,352,504,288,../Dataset_BUSI_with_GT/malignant/malignant (149).png,2,2
malignant (15)_mask.png,75,55,261,294,167,174,../Dataset_BUSI_with_GT/malignant/malignant (15).png,2,2
malignant (150)_mask.png,131,250,313,382,221,316,../Dataset_BUSI_with_GT/malignant/malignant (150).png,2,2
malignant (151)_mask.png,201,123,430,346,316,233,../Dataset_BUSI_with_GT/malignant/malignant (151).png,2,2
malignant (152)_mask.png,408,107,609,287,509,197,../Dataset_BUSI_with_GT/malignant/malignant (152).png,2,2
malignant (153)_mask.png,351,96,525,293,438,193,../Dataset_BUSI_with_GT/malignant/malignant (153).png,2,2
malignant (154)_mask.png,129,118,424,310,275,213,../Dataset_BUSI_with_GT/malignant/malignant (154).png,2,2
malignant (157)_mask.png,62,92,329,283,196,187,../Dataset_BUSI_with_GT/malignant/malignant (157).png,2,2
malignant (158)_mask.png,213,229,276,329,244,279,../Dataset_BUSI_with_GT/malignant/malignant (158).png,2,2
malignant (159)_mask.png,228,131,414,355,320,243,../Dataset_BUSI_with_GT/malignant/malignant (159).png,2,2
malignant (16)_mask.png,177,59,380,217,278,136,../Dataset_BUSI_with_GT/malignant/malignant (16).png,2,2
malignant (160)_mask.png,380,311,556,437,466,374,../Dataset_BUSI_with_GT/malignant/malignant (160).png,2,2
malignant (161)_mask.png,381,0,585,192,483,90,../Dataset_BUSI_with_GT/malignant/malignant (161).png,2,2
malignant (162)_mask.png,77,83,620,301,354,191,../Dataset_BUSI_with_GT/malignant/malignant (162).png,2,2
malignant (163)_mask.png,0,0,195,175,88,81,../Dataset_BUSI_with_GT/malignant/malignant (163).png,2,2
malignant (164)_mask.png,98,109,349,251,223,179,../Dataset_BUSI_with_GT/malignant/malignant (164).png,2,2
malignant (17)_mask.png,187,163,467,363,327,263,../Dataset_BUSI_with_GT/malignant/malignant (17).png,2,2
malignant (170)_mask.png,114,171,302,276,208,223,../Dataset_BUSI_with_GT/malignant/malignant (170).png,2,2
malignant (171)_mask.png,167,136,498,283,331,210,../Dataset_BUSI_with_GT/malignant/malignant (171).png,2,2
malignant (173)_mask.png,71,58,406,330,237,193,../Dataset_BUSI_with_GT/malignant/malignant (173).png,2,2
malignant (175)_mask.png,55,117,181,216,118,165,../Dataset_BUSI_with_GT/malignant/malignant (175).png,2,2
malignant (176)_mask.png,148,127,385,326,265,225,../Dataset_BUSI_with_GT/malignant/malignant (176).png,2,2
malignant (177)_mask.png,142,134,290,267,216,199,../Dataset_BUSI_with_GT/malignant/malignant (177).png,2,2
malignant (178)_mask.png,32,123,185,275,107,198,../Dataset_BUSI_with_GT/malignant/malignant (178).png,2,2
malignant (179)_mask.png,102,108,374,297,237,201,../Dataset_BUSI_with_GT/malignant/malignant (179).png,2,2
malignant (180)_mask.png,55,253,228,407,140,329,../Dataset_BUSI_with_GT/malignant/malignant (180).png,2,2
malignant (181)_mask.png,124,54,292,165,208,108,../Dataset_BUSI_with_GT/malignant/malignant (181).png,2,2
malignant (182)_mask.png,0,262,193,421,89,340,../Dataset_BUSI_with_GT/malignant/malignant (182).png,2,2
malignant (183)_mask.png,343,175,494,273,417,224,../Dataset_BUSI_with_GT/malignant/malignant (183).png,2,2
malignant (185)_mask.png,151,119,523,340,337,228,../Dataset_BUSI_with_GT/malignant/malignant (185).png,2,2
malignant (186)_mask.png,217,101,502,257,358,178,../Dataset_BUSI_with_GT/malignant/malignant (186).png,2,2
malignant (187)_mask.png,88,151,498,355,293,253,../Dataset_BUSI_with_GT/malignant/malignant (187).png,2,2
malignant (188)_mask.png,87,120,268,234,177,177,../Dataset_BUSI_with_GT/malignant/malignant (188).png,2,2
malignant (189)_mask.png,50,48,137,142,92,94,../Dataset_BUSI_with_GT/malignant/malignant (189).png,2,2
malignant (19)_mask.png,61,116,410,338,234,227,../Dataset_BUSI_with_GT/malignant/malignant (19).png,2,2
malignant (190)_mask.png,185,110,354,228,270,169,../Dataset_BUSI_with_GT/malignant/malignant (190).png,2,2
malignant (191)_mask.png,267,140,408,296,336,218,../Dataset_BUSI_with_GT/malignant/malignant (191).png,2,2
malignant (192)_mask.png,208,111,357,311,282,211,../Dataset_BUSI_with_GT/malignant/malignant (192).png,2,2
malignant (193)_mask.png,240,148,467,281,352,215,../Dataset_BUSI_with_GT/malignant/malignant (193).png,2,2
malignant (195)_mask.png,299,127,485,368,391,248,../Dataset_BUSI_with_GT/malignant/malignant (195).png,2,2
malignant (196)_mask.png,124,53,415,240,268,147,../Dataset_BUSI_with_GT/malignant/malignant (196).png,2,2
malignant (197)_mask.png,170,190,433,363,300,276,../Dataset_BUSI_with_GT/malignant/malignant (197).png,2,2
malignant (198)_mask.png,0,0,176,178,79,81,../Dataset_BUSI_with_GT/malignant/malignant (198).png,2,2
malignant (199)_mask.png,198,111,346,263,272,187,../Dataset_BUSI_with_GT/malignant/malignant (199).png,2,2
malignant (2)_mask.png,371,128,496,338,433,232,../Dataset_BUSI_with_GT/malignant/malignant (2).png,2,2
malignant (20)_mask.png,226,122,423,277,323,199,../Dataset_BUSI_with_GT/malignant/malignant (20).png,2,2
malignant (200)_mask.png,115,0,197,128,156,57,../Dataset_BUSI_with_GT/malignant/malignant (200).png,2,2
malignant (202)_mask.png,137,98,341,304,238,201,../Dataset_BUSI_with_GT/malignant/malignant (202).png,2,2
malignant (203)_mask.png,133,49,309,174,221,111,../Dataset_BUSI_with_GT/malignant/malignant (203).png,2,2
malignant (204)_mask.png,203,146,691,292,445,219,../Dataset_BUSI_with_GT/malignant/malignant (204).png,2,2
malignant (205)_mask.png,182,56,311,190,245,123,../Dataset_BUSI_with_GT/malignant/malignant (205).png,2,2
malignant (207)_mask.png,136,63,400,261,268,161,../Dataset_BUSI_with_GT/malignant/malignant (207).png,2,2
malignant (208)_mask.png,82,192,272,379,176,284,../Dataset_BUSI_with_GT/malignant/malignant (208).png,2,2
malignant (209)_mask.png,104,121,242,220,172,170,../Dataset_BUSI_with_GT/malignant/malignant (209).png,2,2
malignant (21)_mask.png,77,45,281,175,179,109,../Dataset_BUSI_with_GT/malignant/malignant (21).png,2,2
malignant (210)_mask.png,110,317,352,484,231,400,../Dataset_BUSI_with_GT/malignant/malignant (210).png,2,2
malignant (22)_mask.png,221,124,407,287,312,205,../Dataset_BUSI_with_GT/malignant/malignant (22).png,2,2
malignant (23)_mask.png,78,119,264,259,170,188,../Dataset_BUSI_with_GT/malignant/malignant (23).png,2,2
malignant (24)_mask.png,153,55,430,239,292,146,../Dataset_BUSI_with_GT/malignant/malignant (24).png,2,2
malignant (25)_mask.png,90,119,344,314,216,216,../Dataset_BUSI_with_GT/malignant/malignant (25).png,2,2
malignant (26)_mask.png,125,257,261,353,193,305,../Dataset_BUSI_with_GT/malignant/malignant (26).png,2,2
malignant (27)_mask.png,60,190,260,364,159,277,../Dataset_BUSI_with_GT/malignant/malignant (27).png,2,2
malignant (28)_mask.png,331,125,524,327,426,226,../Dataset_BUSI_with_GT/malignant/malignant (28).png,2,2
malignant (29)_mask.png,60,117,230,235,144,176,../Dataset_BUSI_with_GT/malignant/malignant (29).png,2,2
malignant (3)_mask.png,102,188,235,303,168,245,../Dataset_BUSI_with_GT/malignant/malignant (3).png,2,2
malignant (30)_mask.png,217,56,373,154,294,104,../Dataset_BUSI_with_GT/malignant/malignant (30).png,2,2
malignant (31)_mask.png,164,72,335,234,248,152,../Dataset_BUSI_with_GT/malignant/malignant (31).png,2,2
malignant (32)_mask.png,268,136,412,322,340,228,../Dataset_BUSI_with_GT/malignant/malignant (32).png,2,2
malignant (33)_mask.png,216,119,410,245,313,181,../Dataset_BUSI_with_GT/malignant/malignant (33).png,2,2
malignant (35)_mask.png,68,86,298,278,182,181,../Dataset_BUSI_with_GT/malignant/malignant (35).png,2,2
malignant (37)_mask.png,156,54,368,207,262,131,../Dataset_BUSI_with_GT/malignant/malignant (37).png,2,2
malignant (38)_mask.png,135,165,659,578,397,376,../Dataset_BUSI_with_GT/malignant/malignant (38).png,2,2
malignant (41)_mask.png,56,121,194,280,124,199,../Dataset_BUSI_with_GT/malignant/malignant (41).png,2,2
malignant (42)_mask.png,374,107,526,244,448,176,../Dataset_BUSI_with_GT/malignant/malignant (42).png,2,2
malignant (43)_mask.png,130,127,349,260,239,193,../Dataset_BUSI_with_GT/malignant/malignant (43).png,2,2
malignant (45)_mask.png,404,132,655,306,529,219,../Dataset_BUSI_with_GT/malignant/malignant (45).png,2,2
malignant (46)_mask.png,122,145,476,415,297,280,../Dataset_BUSI_with_GT/malignant/malignant (46).png,2,2
malignant (47)_mask.png,87,109,499,218,293,164,../Dataset_BUSI_with_GT/malignant/malignant (47).png,2,2
malignant (48)_mask.png,298,103,463,226,379,165,../Dataset_BUSI_with_GT/malignant/malignant (48).png,2,2
malignant (49)_mask.png,244,85,441,245,341,164,../Dataset_BUSI_with_GT/malignant/malignant (49).png,2,2
malignant (5)_mask.png,78,184,217,342,148,263,../Dataset_BUSI_with_GT/malignant/malignant (5).png,2,2
malignant (50)_mask.png,194,64,430,213,311,138,../Dataset_BUSI_with_GT/malignant/malignant (50).png,2,2
malignant (52)_mask.png,381,49,495,195,438,121,../Dataset_BUSI_with_GT/malignant/malignant (52).png,2,2
malignant (53)_mask.png,299,121,482,260,391,191,../Dataset_BUSI_with_GT/malignant/malignant (53).png,2,2
malignant (54)_mask.png,197,82,447,269,322,176,../Dataset_BUSI_with_GT/malignant/malignant (54).png,2,2
malignant (55)_mask.png,0,131,245,268,112,198,../Dataset_BUSI_with_GT/malignant/malignant (55).png,2,2
malignant (56)_mask.png,338,115,548,264,443,189,../Dataset_BUSI_with_GT/malignant/malignant (56).png,2,2
malignant (57)_mask.png,457,64,665,242,560,152,../Dataset_BUSI_with_GT/malignant/malignant (57).png,2,2
malignant (58)_mask.png,356,146,577,286,466,216,../Dataset_BUSI_with_GT/malignant/malignant (58).png,2,2
malignant (59)_mask.png,100,132,325,260,213,195,../Dataset_BUSI_with_GT/malignant/malignant (59).png,2,2
malignant (6)_mask.png,163,209,262,352,212,279,../Dataset_BUSI_with_GT/malignant/malignant (6).png,2,2
malignant (60)_mask.png,547,0,681,164,620,74,../Dataset_BUSI_with_GT/malignant/malignant (60).png,2,2
malignant (61)_mask.png,146,113,336,272,240,191,../Dataset_BUSI_with_GT/malignant/malignant (61).png,2,2
malignant (62)_mask.png,173,146,327,269,250,206,../Dataset_BUSI_with_GT/malignant/malignant (62).png,2,2
malignant (65)_mask.png,214,185,465,351,337,268,../Dataset_BUSI_with_GT/malignant/malignant (65).png,2,2
malignant (66)_mask.png,154,153,432,354,292,252,../Dataset_BUSI_with_GT/malignant/malignant (66).png,2,2
malignant (67)_mask.png,253,156,751,374,502,264,../Dataset_BUSI_with_GT/malignant/malignant (67).png,2,2
malignant (69)_mask.png,256,137,395,279,325,207,../Dataset_BUSI_with_GT/malignant/malignant (69).png,2,2
malignant (70)_mask.png,232,115,447,227,339,171,../Dataset_BUSI_with_GT/malignant/malignant (70).png,2,2
malignant (72)_mask.png,0,64,242,258,115,160,../Dataset_BUSI_with_GT/malignant/malignant (72).png,2,2
malignant (73)_mask.png,41,103,210,217,124,160,../Dataset_BUSI_with_GT/malignant/malignant (73).png,2,2
malignant (74)_mask.png,0,159,92,275,39,217,../Dataset_BUSI_with_GT/malignant/malignant (74).png,2,2
malignant (76)_mask.png,181,57,652,231,415,143,../Dataset_BUSI_with_GT/malignant/malignant (76).png,2,2
malignant (77)_mask.png,203,387,364,537,282,461,../Dataset_BUSI_with_GT/malignant/malignant (77).png,2,2
malignant (78)_mask.png,176,448,396,567,286,513,../Dataset_BUSI_with_GT/malignant/malignant (78).png,2,2
malignant (8)_mask.png,117,198,256,348,186,272,../Dataset_BUSI_with_GT/malignant/malignant (8).png,2,2
malignant (81)_mask.png,590,318,764,452,685,389,../Dataset_BUSI_with_GT/malignant/malignant (81).png,2,2
malignant (82)_mask.png,81,98,480,213,279,155,../Dataset_BUSI_with_GT/malignant/malignant (82).png,2,2
malignant (84)_mask.png,347,221,507,407,425,314,../Dataset_BUSI_with_GT/malignant/malignant (84).png,2,2
malignant (85)_mask.png,307,123,641,352,474,238,../Dataset_BUSI_with_GT/malignant/malignant (85).png,2,2
malignant (86)_mask.png,85,125,265,224,173,174,../Dataset_BUSI_with_GT/malignant/malignant (86).png,2,2
malignant (88)_mask.png,287,176,470,356,377,266,../Dataset_BUSI_with_GT/malignant/malignant (88).png,2,2
malignant (89)_mask.png,119,143,371,287,245,214,../Dataset_BUSI_with_GT/malignant/malignant (89).png,2,2
malignant (9)_mask.png,126,192,261,334,193,263,../Dataset_BUSI_with_GT/malignant/malignant (9).png,2,2
malignant (90)_mask.png,269,238,482,437,374,338,../Dataset_BUSI_with_GT/malignant/malignant (90).png,2,2
malignant (91)_mask.png,297,200,407,293,351,247,../Dataset_BUSI_with_GT/malignant/malignant (91).png,2,2
malignant (92)_mask.png,245,147,404,298,325,223,../Dataset_BUSI_with_GT/malignant/malignant (92).png,2,2
malignant (93)_mask.png,143,119,336,239,239,178,../Dataset_BUSI_with_GT/malignant/malignant (93).png,2,2
malignant (94)_mask.png,246,117,485,268,365,191,../Dataset_BUSI_with_GT/malignant/malignant (94).png,2,2
malignant (95)_mask.png,216,238,474,357,345,297,../Dataset_BUSI_with_GT/malignant/malignant (95).png,2,2
malignant (96)_mask.png,167,271,322,357,245,314,../Dataset_BUSI_with_GT/malignant/malignant (96).png,2,2
malignant (98)_mask.png,85,134,336,310,209,221,../Dataset_BUSI_with_GT/malignant/malignant (98).png,2,2
malignant (99)_mask.png,73,101,257,299,164,199,../Dataset_BUSI_with_GT/malignant/malignant (99).png,2,2
normal (1)_mask.png,213,148,413,348,311,247,../Dataset_BUSI_with_GT/normal/normal (1).png,0,0
normal (101)_mask.png,272,66,581,319,426,191,../Dataset_BUSI_with_GT/normal/normal (101).png,0,0
normal (102)_mask.png,230,190,522,372,374,280,../Dataset_BUSI_with_GT/normal/normal (102).png,0,0
normal (104)_mask.png,63,73,434,277,247,174,../Dataset_BUSI_with_GT/normal/normal (104).png,0,0
normal (105)_mask.png,193,55,469,163,331,109,../Dataset_BUSI_with_GT/normal/normal (105).png,0,0
normal (106)_mask.png,112,96,381,282,246,188,../Dataset_BUSI_with_GT/normal/normal (106).png,0,0
normal (109)_mask.png,161,82,363,320,261,201,../Dataset_BUSI_with_GT/normal/normal (109).png,0,0
normal (11)_mask.png,214,131,644,414,429,272,../Dataset_BUSI_with_GT/normal/normal (11).png,0,0
normal (110)_mask.png,256,73,497,238,377,154,../Dataset_BUSI_with_GT/normal/normal (110).png,0,0
normal (111)_mask.png,252,180,643,429,448,304,../Dataset_BUSI_with_GT/normal/normal (111).png,0,0
normal (112)_mask.png,273,73,767,292,518,181,../Dataset_BUSI_with_GT/normal/normal (112).png,0,0
normal (113)_mask.png,300,81,732,320,516,201,../Dataset_BUSI_with_GT/normal/normal (113).png,0,0
normal (114)_mask.png,179,112,637,446,408,278,../Dataset_BUSI_with_GT/normal/normal (114).png,0,0
normal (115)_mask.png,129,79,384,224,255,152,../Dataset_BUSI_with_GT/normal/normal (115).png,0,0
normal (116)_mask.png,192,274,427,585,308,436,../Dataset_BUSI_with_GT/normal/normal (116).png,0,0
normal (117)_mask.png,378,371,663,517,519,443,../Dataset_BUSI_with_GT/normal/normal (117).png,0,0
normal (119)_mask.png,199,65,468,234,332,149,../Dataset_BUSI_with_GT/normal/normal (119).png,0,0
normal (120)_mask.png,292,129,610,350,451,239,../Dataset_BUSI_with_GT/normal/normal (120).png,0,0
normal (121)_mask.png,125,60,471,224,297,141,../Dataset_BUSI_with_GT/normal/normal (121).png,0,0
normal (122)_mask.png,263,139,536,389,400,263,../Dataset_BUSI_with_GT/normal/normal (122).png,0,0
normal (124)_mask.png,235,82,575,343,405,212,../Dataset_BUSI_with_GT/normal/normal (124).png,0,0
normal (125)_mask.png,117,105,416,273,266,189,../Dataset_BUSI_with_GT/normal/normal (125).png,0,0
normal (126)_mask.png,122,155,351,550,235,351,../Dataset_BUSI_with_GT/normal/normal (126).png,0,0
normal (128)_mask.png,138,130,452,332,294,231,../Dataset_BUSI_with_GT/normal/normal (128).png,0,0
normal (129)_mask.png,247,167,482,384,363,274,../Dataset_BUSI_with_GT/normal/normal (129).png,0,0
normal (130)_mask.png,158,83,613,217,385,149,../Dataset_BUSI_with_GT/normal/normal (130).png,0,0
normal (131)_mask.png,298,181,633,430,465,304,../Dataset_BUSI_with_GT/normal/normal (131).png,0,0
normal (133)_mask.png,140,111,472,273,305,191,../Dataset_BUSI_with_GT/normal/normal (133).png,0,0
normal (14)_mask.png,269,142,570,391,420,267,../Dataset_BUSI_with_GT/normal/normal (14).png,0,0
normal (16)_mask.png,93,99,386,246,240,171,../Dataset_BUSI_with_GT/normal/normal (16).png,0,0
normal (17)_mask.png,77,116,275,265,175,190,../Dataset_BUSI_with_GT/normal/normal (17).png,0,0
normal (18)_mask.png,100,54,366,211,233,133,../Dataset_BUSI_with_GT/normal/normal (18).png,0,0
normal (19)_mask.png,397,262,612,432,503,346,../Dataset_BUSI_with_GT/normal/normal (19).png,0,0
normal (2)_mask.png,128,124,416,323,271,222,../Dataset_BUSI_with_GT/normal/normal (2).png,0,0
normal (20)_mask.png,421,156,759,404,588,279,../Dataset_BUSI_with_GT/normal/normal (20).png,0,0
normal (21)_mask.png,172,64,430,217,301,140,../Dataset_BUSI_with_GT/normal/normal (21).png,0,0
normal (24)_mask.png,108,138,410,335,259,235,../Dataset_BUSI_with_GT/normal/normal (24).png,0,0
normal (25)_mask.png,258,150,536,379,397,265,../Dataset_BUSI_with_GT/normal/normal (25).png,0,0
normal (26)_mask.png,233,97,533,214,382,154,../Dataset_BUSI_with_GT/normal/normal (26).png,0,0
normal (28)_mask.png,88,96,533,511,309,303,../Dataset_BUSI_with_GT/normal/normal (28).png,0,0
normal (3)_mask.png,210,58,425,215,316,137,../Dataset_BUSI_with_GT/normal/normal (3).png,0,0
normal (30)_mask.png,213,83,449,242,331,161,../Dataset_BUSI_with_GT/normal/normal (30).png,0,0
normal (32)_mask.png,89,314,323,425,206,369,../Dataset_BUSI_with_GT/normal/normal (32).png,0,0
normal (33)_mask.png,267,99,586,377,426,238,../Dataset_BUSI_with_GT/normal/normal (33).png,0,0
normal (34)_mask.png,267,231,605,429,434,329,../Dataset_BUSI_with_GT/normal/normal (34).png,0,0
normal (35)_mask.png,181,119,475,371,327,245,../Dataset_BUSI_with_GT/normal/normal (35).png,0,0
normal (36)_mask.png,83,88,427,330,253,207,../Dataset_BUSI_with_GT/normal/normal (36).png,0,0
normal (37)_mask.png,182,88,488,313,335,199,../Dataset_BUSI_with_GT/normal/normal (37).png,0,0
normal (38)_mask.png,91,74,541,345,316,210,../Dataset_BUSI_with_GT/normal/normal (38).png,0,0
normal (39)_mask.png,317,151,588,377,452,264,../Dataset_BUSI_with_GT/normal/normal (39).png,0,0
normal (4)_mask.png,136,127,438,341,286,234,../Dataset_BUSI_with_GT/normal/normal (4).png,0,0
normal (40)_mask.png,279,77,582,274,429,176,../Dataset_BUSI_with_GT/normal/normal (40).png,0,0
normal (41)_mask.png,142,72,383,310,261,190,../Dataset_BUSI_with_GT/normal/normal (41).png,0,0
normal (42)_mask.png,245,171,572,387,408,278,../Dataset_BUSI_with_GT/normal/normal (42).png,0,0
normal (43)_mask.png,325,89,657,272,491,179,../Dataset_BUSI_with_GT/normal/normal (43).png,0,0
normal (44)_mask.png,156,121,455,469,305,295,../Dataset_BUSI_with_GT/normal/normal (44).png,0,0
normal (45)_mask.png,219,174,496,397,356,284,../Dataset_BUSI_with_GT/normal/normal (45).png,0,0
normal (46)_mask.png,112,47,259,145,185,95,../Dataset_BUSI_with_GT/normal/normal (46).png,0,0
normal (47)_mask.png,90,41,251,231,171,136,../Dataset_BUSI_with_GT/normal/normal (47).png,0,0
normal (48)_mask.png,161,65,325,174,243,119,../Dataset_BUSI_with_GT/normal/normal (48).png,0,0
normal (49)_mask.png,95,86,279,252,187,169,../Dataset_BUSI_with_GT/normal/normal (49).png,0,0
normal (50)_mask.png,61,69,246,172,154,120,../Dataset_BUSI_with_GT/normal/normal (50).png,0,0
normal (51)_mask.png,96,61,388,238,242,148,../Dataset_BUSI_with_GT/normal/normal (51).png,0,0
normal (52)_mask.png,39,65,401,232,219,147,../Dataset_BUSI_with_GT/normal/normal (52).png,0,0
normal (54)_mask.png,145,61,395,239,269,149,../Dataset_BUSI_with_GT/normal/normal (54).png,0,0
normal (56)_mask.png,303,138,619,301,459,218,../Dataset_BUSI_with_GT/normal/normal (56).png,0,0
normal (57)_mask.png,168,37,499,164,332,100,../Dataset_BUSI_with_GT/normal/normal (57).png,0,0
normal (58)_mask.png,170,113,432,276,301,193,../Dataset_BUSI_with_GT/normal/normal (58).png,0,0
normal (59)_mask.png,218,72,498,257,358,163,../Dataset_BUSI_with_GT/normal/normal (59).png,0,0
normal (60)_mask.png,226,121,463,292,345,206,../Dataset_BUSI_with_GT/normal/normal (60).png,0,0
normal (62)_mask.png,245,184,534,469,388,325,../Dataset_BUSI_with_GT/normal/normal (62).png,0,0
normal (63)_mask.png,201,91,440,223,321,156,../Dataset_BUSI_with_GT/normal/normal (63).png,0,0
normal (64)_mask.png,226,81,453,216,338,148,../Dataset_BUSI_with_GT/normal/normal (64).png,0,0
normal (66)_mask.png,130,108,330,282,230,194,../Dataset_BUSI_with_GT/normal/normal (66).png,0,0
normal (67)_mask.png,175,41,481,154,328,96,../Dataset_BUSI_with_GT/normal/normal (67).png,0,0
normal (69)_mask.png,148,117,459,291,302,204,../Dataset_BUSI_with_GT/normal/normal (69).png,0,0
normal (7)_mask.png,244,83,539,276,391,180,../Dataset_BUSI_with_GT/normal/normal (7).png,0,0
normal (71)_mask.png,134,86,334,276,234,180,../Dataset_BUSI_with_GT/normal/normal (71).png,0,0
normal (72)_mask.png,314,154,781,417,547,284,../Dataset_BUSI_with_GT/normal/normal (72).png,0,0
normal (73)_mask.png,124,95,363,296,243,194,../Dataset_BUSI_with_GT/normal/normal (73).png,0,0
normal (74)_mask.png,179,127,468,268,323,198,../Dataset_BUSI_with_GT/normal/normal (74).png,0,0
normal (75)_mask.png,188,112,417,266,302,189,../Dataset_BUSI_with_GT/normal/normal (75).png,0,0
normal (76)_mask.png,220,108,436,305,327,207,../Dataset_BUSI_with_GT/normal/normal (76).png,0,0
normal (77)_mask.png,130,115,360,422,245,269,../Dataset_BUSI_with_GT/normal/normal (77).png,0,0
normal (78)_mask.png,378,123,652,277,515,200,../Dataset_BUSI_with_GT/normal/normal (78).png,0,0
normal (79)_mask.png,178,82,489,243,332,161,../Dataset_BUSI_with_GT/normal/normal (79).png,0,0
normal (8)_mask.png,172,96,525,298,349,196,../Dataset_BUSI_with_GT/normal/normal (8).png,0,0
normal (80)_mask.png,205,125,479,306,341,216,../Dataset_BUSI_with_GT/normal/normal (80).png,0,0
normal (82)_mask.png,235,77,472,227,352,152,../Dataset_BUSI_with_GT/normal/normal (82).png,0,0
normal (83)_mask.png,218,205,439,488,328,347,../Dataset_BUSI_with_GT/normal/normal (83).png,0,0
normal (84)_mask.png,168,142,429,317,297,229,../Dataset_BUSI_with_GT/normal/normal (84).png,0,0
normal (85)_mask.png,206,136,472,323,338,229,../Dataset_BUSI_with_GT/normal/normal (85).png,0,0
normal (86)_mask.png,145,104,411,259,278,182,../Dataset_BUSI_with_GT/normal/normal (86).png,0,0
normal (88)_mask.png,232,70,495,210,362,140,../Dataset_BUSI_with_GT/normal/normal (88).png,0,0
normal (89)_mask.png,199,114,420,283,308,198,../Dataset_BUSI_with_GT/normal/normal (89).png,0,0
normal (9)_mask.png,75,70,260,225,167,146,../Dataset_BUSI_with_GT/normal/normal (9).png,0,0
normal (90)_mask.png,59,135,276,303,166,219,../Dataset_BUSI_with_GT/normal/normal (90).png,0,0
normal (91)_mask.png,251,74,505,246,378,160,../Dataset_BUSI_with_GT/normal/normal (91).png,0,0
normal (92)_mask.png,136,93,413,247,274,169,../Dataset_BUSI_with_GT/normal/normal (92).png,0,0
normal (93)_mask.png,240,157,498,428,367,291,../Dataset_BUSI_with_GT/normal/normal (93).png,0,0
normal (94)_mask.png,90,151,393,386,242,268,../Dataset_BUSI_with_GT/normal/normal (94).png,0,0
normal (97)_mask.png,137,92,407,220,272,155,../Dataset_BUSI_with_GT/normal/normal (97).png,0,0
normal (98)_mask.png,112,77,358,232,235,155,../Dataset_BUSI_with_GT/normal/normal (98).png,0,0
normal (99)_mask.png,74,54,315,238,193,146,../Dataset_BUSI_with_GT/normal/normal (99).png,0,0
