image,x_min,y_min,x_max,y_max,center_x,center_y,path
benign (1)_mask.png,283,129,344,165,313,147,Dataset_BUSI_with_GT\benign\benign (1).png
benign (10)_mask.png,19,62,238,269,128,165,Dataset_BUSI_with_GT\benign\benign (10).png
benign (100)_mask.png,193,121,304,227,248,174,Dataset_BUSI_with_GT\benign\benign (100).png
benign (101)_mask.png,433,167,542,228,487,197,Dataset_BUSI_with_GT\benign\benign (101).png
benign (102)_mask.png,259,48,455,183,357,115,Dataset_BUSI_with_GT\benign\benign (102).png
benign (103)_mask.png,22,152,374,350,198,251,Dataset_BUSI_with_GT\benign\benign (103).png
benign (104)_mask.png,598,55,697,119,647,87,Dataset_BUSI_with_GT\benign\benign (104).png
benign (105)_mask.png,415,150,554,250,484,200,Dataset_BUSI_with_GT\benign\benign (105).png
benign (106)_mask.png,221,169,362,291,291,230,Dataset_BUSI_with_GT\benign\benign (106).png
benign (107)_mask.png,368,227,508,333,438,280,Dataset_BUSI_with_GT\benign\benign (107).png
benign (108)_mask.png,541,94,744,212,642,153,Dataset_BUSI_with_GT\benign\benign (108).png
benign (109)_mask.png,48,82,279,257,163,169,Dataset_BUSI_with_GT\benign\benign (109).png
benign (11)_mask.png,362,127,444,175,403,151,Dataset_BUSI_with_GT\benign\benign (11).png
benign (110)_mask.png,74,26,396,179,235,102,Dataset_BUSI_with_GT\benign\benign (110).png
benign (111)_mask.png,162,140,236,195,199,167,Dataset_BUSI_with_GT\benign\benign (111).png
benign (112)_mask.png,165,104,275,179,220,141,Dataset_BUSI_with_GT\benign\benign (112).png
benign (113)_mask.png,375,152,628,283,501,217,Dataset_BUSI_with_GT\benign\benign (113).png
benign (114)_mask.png,194,87,425,243,309,165,Dataset_BUSI_with_GT\benign\benign (114).png
benign (115)_mask.png,273,165,381,229,327,197,Dataset_BUSI_with_GT\benign\benign (115).png
benign (116)_mask.png,89,48,205,124,147,86,Dataset_BUSI_with_GT\benign\benign (116).png
benign (117)_mask.png,582,119,738,257,660,188,Dataset_BUSI_with_GT\benign\benign (117).png
benign (118)_mask.png,219,89,327,180,273,134,Dataset_BUSI_with_GT\benign\benign (118).png
benign (119)_mask.png,160,221,280,289,220,255,Dataset_BUSI_with_GT\benign\benign (119).png
benign (12)_mask.png,338,173,426,227,382,200,Dataset_BUSI_with_GT\benign\benign (12).png
benign (120)_mask.png,66,160,132,212,99,186,Dataset_BUSI_with_GT\benign\benign (120).png
benign (121)_mask.png,251,41,438,173,344,107,Dataset_BUSI_with_GT\benign\benign (121).png
benign (122)_mask.png,147,145,306,285,226,215,Dataset_BUSI_with_GT\benign\benign (122).png
benign (123)_mask.png,287,110,518,256,402,183,Dataset_BUSI_with_GT\benign\benign (123).png
benign (124)_mask.png,211,196,376,264,293,230,Dataset_BUSI_with_GT\benign\benign (124).png
benign (125)_mask.png,214,157,316,245,265,201,Dataset_BUSI_with_GT\benign\benign (125).png
benign (126)_mask.png,239,145,352,234,295,189,Dataset_BUSI_with_GT\benign\benign (126).png
benign (127)_mask.png,178,63,262,149,220,106,Dataset_BUSI_with_GT\benign\benign (127).png
benign (128)_mask.png,170,43,247,126,208,84,Dataset_BUSI_with_GT\benign\benign (128).png
benign (129)_mask.png,182,156,329,230,255,193,Dataset_BUSI_with_GT\benign\benign (129).png
benign (13)_mask.png,177,102,542,310,359,206,Dataset_BUSI_with_GT\benign\benign (13).png
benign (130)_mask.png,36,57,232,173,134,115,Dataset_BUSI_with_GT\benign\benign (130).png
benign (131)_mask.png,8,44,339,315,173,179,Dataset_BUSI_with_GT\benign\benign (131).png
benign (132)_mask.png,288,63,402,153,345,108,Dataset_BUSI_with_GT\benign\benign (132).png
benign (133)_mask.png,176,95,236,134,206,114,Dataset_BUSI_with_GT\benign\benign (133).png
benign (134)_mask.png,216,54,284,90,250,72,Dataset_BUSI_with_GT\benign\benign (134).png
benign (135)_mask.png,198,55,341,170,269,112,Dataset_BUSI_with_GT\benign\benign (135).png
benign (136)_mask.png,165,152,358,270,261,211,Dataset_BUSI_with_GT\benign\benign (136).png
benign (137)_mask.png,121,186,235,270,178,228,Dataset_BUSI_with_GT\benign\benign (137).png
benign (138)_mask.png,409,74,489,120,449,97,Dataset_BUSI_with_GT\benign\benign (138).png
benign (139)_mask.png,299,46,454,149,376,97,Dataset_BUSI_with_GT\benign\benign (139).png
benign (14)_mask.png,506,144,627,208,566,176,Dataset_BUSI_with_GT\benign\benign (14).png
benign (140)_mask.png,90,169,399,393,244,281,Dataset_BUSI_with_GT\benign\benign (140).png
benign (141)_mask.png,39,30,571,386,305,208,Dataset_BUSI_with_GT\benign\benign (141).png
benign (142)_mask.png,284,119,375,195,329,157,Dataset_BUSI_with_GT\benign\benign (142).png
benign (143)_mask.png,256,121,323,162,289,141,Dataset_BUSI_with_GT\benign\benign (143).png
benign (144)_mask.png,183,97,240,138,211,117,Dataset_BUSI_with_GT\benign\benign (144).png
benign (145)_mask.png,434,260,565,355,499,307,Dataset_BUSI_with_GT\benign\benign (145).png
benign (146)_mask.png,131,107,187,158,159,132,Dataset_BUSI_with_GT\benign\benign (146).png
benign (147)_mask.png,89,100,171,178,130,139,Dataset_BUSI_with_GT\benign\benign (147).png
benign (148)_mask.png,158,62,299,177,228,119,Dataset_BUSI_with_GT\benign\benign (148).png
benign (149)_mask.png,113,125,280,215,196,170,Dataset_BUSI_with_GT\benign\benign (149).png
benign (15)_mask.png,222,123,299,195,260,159,Dataset_BUSI_with_GT\benign\benign (15).png
benign (150)_mask.png,412,199,479,248,445,223,Dataset_BUSI_with_GT\benign\benign (150).png
benign (151)_mask.png,331,127,405,185,368,156,Dataset_BUSI_with_GT\benign\benign (151).png
benign (152)_mask.png,146,22,494,293,320,157,Dataset_BUSI_with_GT\benign\benign (152).png
benign (153)_mask.png,396,101,467,166,431,133,Dataset_BUSI_with_GT\benign\benign (153).png
benign (154)_mask.png,266,115,339,169,302,142,Dataset_BUSI_with_GT\benign\benign (154).png
benign (155)_mask.png,59,173,398,443,228,308,Dataset_BUSI_with_GT\benign\benign (155).png
benign (156)_mask.png,409,153,557,252,483,202,Dataset_BUSI_with_GT\benign\benign (156).png
benign (157)_mask.png,297,41,453,149,375,95,Dataset_BUSI_with_GT\benign\benign (157).png
benign (158)_mask.png,79,29,399,184,239,106,Dataset_BUSI_with_GT\benign\benign (158).png
benign (159)_mask.png,539,147,620,216,579,181,Dataset_BUSI_with_GT\benign\benign (159).png
benign (16)_mask.png,323,123,392,178,357,150,Dataset_BUSI_with_GT\benign\benign (16).png
benign (160)_mask.png,131,141,213,211,172,176,Dataset_BUSI_with_GT\benign\benign (160).png
benign (161)_mask.png,392,76,470,144,431,110,Dataset_BUSI_with_GT\benign\benign (161).png
benign (162)_mask.png,68,151,124,194,96,172,Dataset_BUSI_with_GT\benign\benign (162).png
benign (163)_mask.png,530,172,602,229,566,200,Dataset_BUSI_with_GT\benign\benign (163).png
benign (164)_mask.png,-5,16,386,175,190,95,Dataset_BUSI_with_GT\benign\benign (164).png
benign (165)_mask.png,428,122,501,164,464,143,Dataset_BUSI_with_GT\benign\benign (165).png
benign (166)_mask.png,328,102,405,166,366,134,Dataset_BUSI_with_GT\benign\benign (166).png
benign (167)_mask.png,255,135,331,191,293,163,Dataset_BUSI_with_GT\benign\benign (167).png
benign (168)_mask.png,173,148,349,254,261,201,Dataset_BUSI_with_GT\benign\benign (168).png
benign (169)_mask.png,81,213,148,254,114,233,Dataset_BUSI_with_GT\benign\benign (169).png
benign (17)_mask.png,309,98,423,167,366,132,Dataset_BUSI_with_GT\benign\benign (17).png
benign (170)_mask.png,273,146,462,245,367,195,Dataset_BUSI_with_GT\benign\benign (170).png
benign (171)_mask.png,374,119,441,159,407,139,Dataset_BUSI_with_GT\benign\benign (171).png
benign (172)_mask.png,107,122,235,221,171,171,Dataset_BUSI_with_GT\benign\benign (172).png
benign (173)_mask.png,42,55,178,154,110,104,Dataset_BUSI_with_GT\benign\benign (173).png
benign (174)_mask.png,103,75,343,231,223,153,Dataset_BUSI_with_GT\benign\benign (174).png
benign (175)_mask.png,197,147,406,306,301,226,Dataset_BUSI_with_GT\benign\benign (175).png
benign (176)_mask.png,237,104,358,171,297,137,Dataset_BUSI_with_GT\benign\benign (176).png
benign (177)_mask.png,64,97,151,153,107,125,Dataset_BUSI_with_GT\benign\benign (177).png
benign (178)_mask.png,259,217,519,394,389,305,Dataset_BUSI_with_GT\benign\benign (178).png
benign (179)_mask.png,123,34,170,75,146,54,Dataset_BUSI_with_GT\benign\benign (179).png
benign (18)_mask.png,170,21,475,282,322,151,Dataset_BUSI_with_GT\benign\benign (18).png
benign (180)_mask.png,418,180,546,307,482,243,Dataset_BUSI_with_GT\benign\benign (180).png
benign (181)_mask.png,303,116,513,290,408,203,Dataset_BUSI_with_GT\benign\benign (181).png
benign (182)_mask.png,328,56,399,129,363,92,Dataset_BUSI_with_GT\benign\benign (182).png
benign (183)_mask.png,316,211,410,292,363,251,Dataset_BUSI_with_GT\benign\benign (183).png
benign (184)_mask.png,67,78,348,195,207,136,Dataset_BUSI_with_GT\benign\benign (184).png
benign (185)_mask.png,349,197,436,259,392,228,Dataset_BUSI_with_GT\benign\benign (185).png
benign (186)_mask.png,292,173,522,370,407,271,Dataset_BUSI_with_GT\benign\benign (186).png
benign (187)_mask.png,198,134,350,204,274,169,Dataset_BUSI_with_GT\benign\benign (187).png
benign (188)_mask.png,64,145,659,536,361,340,Dataset_BUSI_with_GT\benign\benign (188).png
benign (189)_mask.png,187,86,277,133,232,109,Dataset_BUSI_with_GT\benign\benign (189).png
benign (19)_mask.png,401,200,467,252,434,226,Dataset_BUSI_with_GT\benign\benign (19).png
benign (190)_mask.png,141,143,358,354,249,248,Dataset_BUSI_with_GT\benign\benign (190).png
benign (191)_mask.png,195,97,317,149,256,123,Dataset_BUSI_with_GT\benign\benign (191).png
benign (192)_mask.png,293,115,427,208,360,161,Dataset_BUSI_with_GT\benign\benign (192).png
benign (193)_mask.png,470,205,564,281,517,243,Dataset_BUSI_with_GT\benign\benign (193).png
benign (194)_mask.png,459,85,615,194,537,139,Dataset_BUSI_with_GT\benign\benign (194).png
benign (195)_mask.png,4,203,329,515,166,359,Dataset_BUSI_with_GT\benign\benign (195).png
benign (196)_mask.png,292,22,622,112,457,67,Dataset_BUSI_with_GT\benign\benign (196).png
benign (197)_mask.png,232,107,331,168,281,137,Dataset_BUSI_with_GT\benign\benign (197).png
benign (198)_mask.png,298,127,689,283,493,205,Dataset_BUSI_with_GT\benign\benign (198).png
benign (199)_mask.png,3,232,461,387,232,309,Dataset_BUSI_with_GT\benign\benign (199).png
benign (2)_mask.png,97,220,270,307,183,263,Dataset_BUSI_with_GT\benign\benign (2).png
benign (20)_mask.png,117,95,241,181,179,138,Dataset_BUSI_with_GT\benign\benign (20).png
benign (200)_mask.png,80,39,400,202,240,120,Dataset_BUSI_with_GT\benign\benign (200).png
benign (201)_mask.png,174,153,378,224,276,188,Dataset_BUSI_with_GT\benign\benign (201).png
benign (202)_mask.png,463,68,526,113,494,90,Dataset_BUSI_with_GT\benign\benign (202).png
benign (203)_mask.png,161,51,473,181,317,116,Dataset_BUSI_with_GT\benign\benign (203).png
benign (204)_mask.png,165,19,343,143,254,81,Dataset_BUSI_with_GT\benign\benign (204).png
benign (205)_mask.png,41,154,496,340,268,247,Dataset_BUSI_with_GT\benign\benign (205).png
benign (206)_mask.png,169,20,351,158,260,89,Dataset_BUSI_with_GT\benign\benign (206).png
benign (207)_mask.png,183,154,556,289,369,221,Dataset_BUSI_with_GT\benign\benign (207).png
benign (208)_mask.png,191,105,278,168,234,136,Dataset_BUSI_with_GT\benign\benign (208).png
benign (209)_mask.png,236,54,379,139,307,96,Dataset_BUSI_with_GT\benign\benign (209).png
benign (21)_mask.png,270,119,345,167,307,143,Dataset_BUSI_with_GT\benign\benign (21).png
benign (210)_mask.png,31,153,212,339,121,246,Dataset_BUSI_with_GT\benign\benign (210).png
benign (211)_mask.png,269,87,387,155,328,121,Dataset_BUSI_with_GT\benign\benign (211).png
benign (212)_mask.png,155,102,531,190,343,146,Dataset_BUSI_with_GT\benign\benign (212).png
benign (213)_mask.png,253,83,410,185,331,134,Dataset_BUSI_with_GT\benign\benign (213).png
benign (214)_mask.png,370,34,578,130,474,82,Dataset_BUSI_with_GT\benign\benign (214).png
benign (215)_mask.png,375,23,472,111,423,67,Dataset_BUSI_with_GT\benign\benign (215).png
benign (216)_mask.png,420,38,645,135,532,86,Dataset_BUSI_with_GT\benign\benign (216).png
benign (217)_mask.png,210,14,527,110,368,62,Dataset_BUSI_with_GT\benign\benign (217).png
benign (218)_mask.png,148,23,500,159,324,91,Dataset_BUSI_with_GT\benign\benign (218).png
benign (219)_mask.png,424,65,579,133,501,99,Dataset_BUSI_with_GT\benign\benign (219).png
benign (22)_mask.png,166,179,331,306,248,242,Dataset_BUSI_with_GT\benign\benign (22).png
benign (220)_mask.png,434,123,581,228,507,175,Dataset_BUSI_with_GT\benign\benign (220).png
benign (221)_mask.png,518,165,596,216,557,190,Dataset_BUSI_with_GT\benign\benign (221).png
benign (222)_mask.png,174,119,329,217,251,168,Dataset_BUSI_with_GT\benign\benign (222).png
benign (223)_mask.png,93,54,251,127,172,90,Dataset_BUSI_with_GT\benign\benign (223).png
benign (224)_mask.png,92,77,412,221,252,149,Dataset_BUSI_with_GT\benign\benign (224).png
benign (225)_mask.png,15,128,219,214,117,171,Dataset_BUSI_with_GT\benign\benign (225).png
benign (226)_mask.png,142,192,311,282,226,237,Dataset_BUSI_with_GT\benign\benign (226).png
benign (227)_mask.png,211,236,394,304,302,270,Dataset_BUSI_with_GT\benign\benign (227).png
benign (228)_mask.png,143,113,549,228,346,170,Dataset_BUSI_with_GT\benign\benign (228).png
benign (229)_mask.png,208,146,397,263,302,204,Dataset_BUSI_with_GT\benign\benign (229).png
benign (23)_mask.png,335,241,540,378,437,309,Dataset_BUSI_with_GT\benign\benign (23).png
benign (230)_mask.png,81,48,299,136,190,92,Dataset_BUSI_with_GT\benign\benign (230).png
benign (231)_mask.png,136,179,372,267,254,223,Dataset_BUSI_with_GT\benign\benign (231).png
benign (232)_mask.png,161,18,394,196,277,107,Dataset_BUSI_with_GT\benign\benign (232).png
benign (233)_mask.png,142,113,400,344,271,228,Dataset_BUSI_with_GT\benign\benign (233).png
benign (234)_mask.png,14,21,302,185,158,103,Dataset_BUSI_with_GT\benign\benign (234).png
benign (235)_mask.png,268,190,525,315,396,252,Dataset_BUSI_with_GT\benign\benign (235).png
benign (236)_mask.png,81,145,496,401,288,273,Dataset_BUSI_with_GT\benign\benign (236).png
benign (237)_mask.png,193,27,414,192,303,109,Dataset_BUSI_with_GT\benign\benign (237).png
benign (238)_mask.png,105,92,323,256,214,174,Dataset_BUSI_with_GT\benign\benign (238).png
benign (239)_mask.png,256,56,376,137,316,96,Dataset_BUSI_with_GT\benign\benign (239).png
benign (24)_mask.png,266,211,374,292,320,251,Dataset_BUSI_with_GT\benign\benign (24).png
benign (240)_mask.png,102,88,358,250,230,169,Dataset_BUSI_with_GT\benign\benign (240).png
benign (241)_mask.png,125,18,334,115,229,66,Dataset_BUSI_with_GT\benign\benign (241).png
benign (242)_mask.png,45,246,261,386,153,316,Dataset_BUSI_with_GT\benign\benign (242).png
benign (243)_mask.png,183,216,544,330,363,273,Dataset_BUSI_with_GT\benign\benign (243).png
benign (244)_mask.png,278,61,412,137,345,99,Dataset_BUSI_with_GT\benign\benign (244).png
benign (245)_mask.png,254,68,392,139,323,103,Dataset_BUSI_with_GT\benign\benign (245).png
benign (246)_mask.png,433,135,498,177,465,156,Dataset_BUSI_with_GT\benign\benign (246).png
benign (247)_mask.png,87,94,186,148,136,121,Dataset_BUSI_with_GT\benign\benign (247).png
benign (248)_mask.png,206,197,297,242,251,219,Dataset_BUSI_with_GT\benign\benign (248).png
benign (249)_mask.png,135,18,284,117,209,67,Dataset_BUSI_with_GT\benign\benign (249).png
benign (25)_mask.png,471,120,555,183,513,151,Dataset_BUSI_with_GT\benign\benign (25).png
benign (250)_mask.png,177,196,328,256,252,226,Dataset_BUSI_with_GT\benign\benign (250).png
benign (251)_mask.png,234,49,348,111,291,80,Dataset_BUSI_with_GT\benign\benign (251).png
benign (252)_mask.png,66,37,251,114,158,75,Dataset_BUSI_with_GT\benign\benign (252).png
benign (253)_mask.png,207,68,333,152,270,110,Dataset_BUSI_with_GT\benign\benign (253).png
benign (254)_mask.png,230,87,287,126,258,106,Dataset_BUSI_with_GT\benign\benign (254).png
benign (255)_mask.png,98,76,257,203,177,139,Dataset_BUSI_with_GT\benign\benign (255).png
benign (256)_mask.png,70,118,312,225,191,171,Dataset_BUSI_with_GT\benign\benign (256).png
benign (257)_mask.png,81,45,211,102,146,73,Dataset_BUSI_with_GT\benign\benign (257).png
benign (258)_mask.png,215,44,315,118,265,81,Dataset_BUSI_with_GT\benign\benign (258).png
benign (259)_mask.png,170,123,323,216,246,169,Dataset_BUSI_with_GT\benign\benign (259).png
benign (26)_mask.png,50,74,330,247,190,160,Dataset_BUSI_with_GT\benign\benign (26).png
benign (260)_mask.png,312,28,479,112,395,70,Dataset_BUSI_with_GT\benign\benign (260).png
benign (261)_mask.png,19,18,255,157,137,87,Dataset_BUSI_with_GT\benign\benign (261).png
benign (262)_mask.png,45,128,433,282,239,205,Dataset_BUSI_with_GT\benign\benign (262).png
benign (263)_mask.png,121,154,264,239,192,196,Dataset_BUSI_with_GT\benign\benign (263).png
benign (264)_mask.png,166,33,356,163,261,98,Dataset_BUSI_with_GT\benign\benign (264).png
benign (265)_mask.png,355,29,541,130,448,79,Dataset_BUSI_with_GT\benign\benign (265).png
benign (266)_mask.png,106,13,282,87,194,50,Dataset_BUSI_with_GT\benign\benign (266).png
benign (267)_mask.png,145,97,274,180,209,138,Dataset_BUSI_with_GT\benign\benign (267).png
benign (268)_mask.png,170,11,437,94,303,52,Dataset_BUSI_with_GT\benign\benign (268).png
benign (269)_mask.png,42,18,164,132,103,75,Dataset_BUSI_with_GT\benign\benign (269).png
benign (27)_mask.png,377,98,483,188,430,143,Dataset_BUSI_with_GT\benign\benign (27).png
benign (270)_mask.png,313,20,396,91,354,55,Dataset_BUSI_with_GT\benign\benign (270).png
benign (271)_mask.png,365,99,485,191,425,145,Dataset_BUSI_with_GT\benign\benign (271).png
benign (272)_mask.png,226,53,500,129,363,91,Dataset_BUSI_with_GT\benign\benign (272).png
benign (273)_mask.png,151,54,463,180,307,117,Dataset_BUSI_with_GT\benign\benign (273).png
benign (274)_mask.png,84,35,412,204,248,119,Dataset_BUSI_with_GT\benign\benign (274).png
benign (275)_mask.png,231,47,378,137,304,92,Dataset_BUSI_with_GT\benign\benign (275).png
benign (276)_mask.png,156,15,389,192,272,103,Dataset_BUSI_with_GT\benign\benign (276).png
benign (277)_mask.png,107,95,302,247,204,171,Dataset_BUSI_with_GT\benign\benign (277).png
benign (278)_mask.png,149,186,317,286,233,236,Dataset_BUSI_with_GT\benign\benign (278).png
benign (279)_mask.png,125,15,336,105,230,60,Dataset_BUSI_with_GT\benign\benign (279).png
benign (28)_mask.png,463,314,651,450,557,382,Dataset_BUSI_with_GT\benign\benign (28).png
benign (280)_mask.png,198,146,384,259,291,202,Dataset_BUSI_with_GT\benign\benign (280).png
benign (281)_mask.png,377,33,573,134,475,83,Dataset_BUSI_with_GT\benign\benign (281).png
benign (282)_mask.png,165,17,338,138,251,77,Dataset_BUSI_with_GT\benign\benign (282).png
benign (283)_mask.png,147,189,238,262,192,225,Dataset_BUSI_with_GT\benign\benign (283).png
benign (284)_mask.png,324,48,546,176,435,112,Dataset_BUSI_with_GT\benign\benign (284).png
benign (285)_mask.png,335,56,548,178,441,117,Dataset_BUSI_with_GT\benign\benign (285).png
benign (286)_mask.png,39,39,419,178,229,108,Dataset_BUSI_with_GT\benign\benign (286).png
benign (287)_mask.png,134,10,328,161,231,85,Dataset_BUSI_with_GT\benign\benign (287).png
benign (288)_mask.png,111,63,291,122,201,92,Dataset_BUSI_with_GT\benign\benign (288).png
benign (289)_mask.png,131,41,390,150,260,95,Dataset_BUSI_with_GT\benign\benign (289).png
benign (29)_mask.png,94,124,155,166,124,145,Dataset_BUSI_with_GT\benign\benign (29).png
benign (290)_mask.png,67,29,338,167,202,98,Dataset_BUSI_with_GT\benign\benign (290).png
benign (291)_mask.png,161,86,231,140,196,113,Dataset_BUSI_with_GT\benign\benign (291).png
benign (292)_mask.png,20,107,185,176,102,141,Dataset_BUSI_with_GT\benign\benign (292).png
benign (293)_mask.png,27,108,190,178,108,143,Dataset_BUSI_with_GT\benign\benign (293).png
benign (294)_mask.png,221,164,445,265,333,214,Dataset_BUSI_with_GT\benign\benign (294).png
benign (295)_mask.png,116,145,312,223,214,184,Dataset_BUSI_with_GT\benign\benign (295).png
benign (296)_mask.png,110,20,421,125,265,72,Dataset_BUSI_with_GT\benign\benign (296).png
benign (297)_mask.png,196,42,318,118,257,80,Dataset_BUSI_with_GT\benign\benign (297).png
benign (298)_mask.png,22,130,174,217,98,173,Dataset_BUSI_with_GT\benign\benign (298).png
benign (299)_mask.png,34,83,220,183,127,133,Dataset_BUSI_with_GT\benign\benign (299).png
benign (3)_mask.png,316,140,458,221,387,180,Dataset_BUSI_with_GT\benign\benign (3).png
benign (30)_mask.png,174,45,250,123,212,84,Dataset_BUSI_with_GT\benign\benign (30).png
benign (300)_mask.png,80,74,267,212,173,143,Dataset_BUSI_with_GT\benign\benign (300).png
benign (301)_mask.png,390,56,441,92,415,74,Dataset_BUSI_with_GT\benign\benign (301).png
benign (302)_mask.png,53,143,138,202,95,172,Dataset_BUSI_with_GT\benign\benign (302).png
benign (303)_mask.png,141,13,285,127,213,70,Dataset_BUSI_with_GT\benign\benign (303).png
benign (304)_mask.png,80,57,358,165,219,111,Dataset_BUSI_with_GT\benign\benign (304).png
benign (305)_mask.png,207,58,325,121,266,89,Dataset_BUSI_with_GT\benign\benign (305).png
benign (306)_mask.png,153,118,391,196,272,157,Dataset_BUSI_with_GT\benign\benign (306).png
benign (307)_mask.png,78,94,305,189,191,141,Dataset_BUSI_with_GT\benign\benign (307).png
benign (308)_mask.png,226,72,338,138,282,105,Dataset_BUSI_with_GT\benign\benign (308).png
benign (309)_mask.png,110,196,693,369,401,282,Dataset_BUSI_with_GT\benign\benign (309).png
benign (31)_mask.png,154,46,215,95,184,70,Dataset_BUSI_with_GT\benign\benign (31).png
benign (310)_mask.png,145,26,478,111,311,68,Dataset_BUSI_with_GT\benign\benign (310).png
benign (311)_mask.png,13,9,438,161,225,85,Dataset_BUSI_with_GT\benign\benign (311).png
benign (312)_mask.png,-3,62,321,214,159,138,Dataset_BUSI_with_GT\benign\benign (312).png
benign (313)_mask.png,187,179,352,237,269,208,Dataset_BUSI_with_GT\benign\benign (313).png
benign (314)_mask.png,-1,50,273,174,136,112,Dataset_BUSI_with_GT\benign\benign (314).png
benign (315)_mask.png,316,61,416,120,366,90,Dataset_BUSI_with_GT\benign\benign (315).png
benign (316)_mask.png,1,19,551,269,276,144,Dataset_BUSI_with_GT\benign\benign (316).png
benign (317)_mask.png,-2,27,324,163,161,95,Dataset_BUSI_with_GT\benign\benign (317).png
benign (318)_mask.png,279,131,337,165,308,148,Dataset_BUSI_with_GT\benign\benign (318).png
benign (319)_mask.png,99,222,268,309,183,265,Dataset_BUSI_with_GT\benign\benign (319).png
benign (32)_mask.png,-3,121,476,262,236,191,Dataset_BUSI_with_GT\benign\benign (32).png
benign (320)_mask.png,319,141,456,220,387,180,Dataset_BUSI_with_GT\benign\benign (320).png
benign (321)_mask.png,298,121,345,155,321,138,Dataset_BUSI_with_GT\benign\benign (321).png
benign (322)_mask.png,221,185,304,249,262,217,Dataset_BUSI_with_GT\benign\benign (322).png
benign (323)_mask.png,315,91,444,177,379,134,Dataset_BUSI_with_GT\benign\benign (323).png
benign (324)_mask.png,424,110,505,166,464,138,Dataset_BUSI_with_GT\benign\benign (324).png
benign (325)_mask.png,281,182,377,244,329,213,Dataset_BUSI_with_GT\benign\benign (325).png
benign (326)_mask.png,119,82,422,310,270,196,Dataset_BUSI_with_GT\benign\benign (326).png
benign (327)_mask.png,20,57,244,265,132,161,Dataset_BUSI_with_GT\benign\benign (327).png
benign (328)_mask.png,355,121,448,169,401,145,Dataset_BUSI_with_GT\benign\benign (328).png
benign (329)_mask.png,327,177,417,226,372,201,Dataset_BUSI_with_GT\benign\benign (329).png
benign (33)_mask.png,33,56,231,171,132,113,Dataset_BUSI_with_GT\benign\benign (33).png
benign (330)_mask.png,168,99,525,303,346,201,Dataset_BUSI_with_GT\benign\benign (330).png
benign (331)_mask.png,506,141,632,221,569,181,Dataset_BUSI_with_GT\benign\benign (331).png
benign (332)_mask.png,221,124,307,192,264,158,Dataset_BUSI_with_GT\benign\benign (332).png
benign (333)_mask.png,232,16,532,237,382,126,Dataset_BUSI_with_GT\benign\benign (333).png
benign (334)_mask.png,235,123,334,216,284,169,Dataset_BUSI_with_GT\benign\benign (334).png
benign (335)_mask.png,239,31,512,166,375,98,Dataset_BUSI_with_GT\benign\benign (335).png
benign (336)_mask.png,343,73,615,184,479,128,Dataset_BUSI_with_GT\benign\benign (336).png
benign (337)_mask.png,350,49,468,141,409,95,Dataset_BUSI_with_GT\benign\benign (337).png
benign (338)_mask.png,277,29,380,75,328,52,Dataset_BUSI_with_GT\benign\benign (338).png
benign (339)_mask.png,182,97,409,259,295,178,Dataset_BUSI_with_GT\benign\benign (339).png
benign (34)_mask.png,82,66,304,158,193,112,Dataset_BUSI_with_GT\benign\benign (34).png
benign (340)_mask.png,165,43,713,265,439,154,Dataset_BUSI_with_GT\benign\benign (340).png
benign (341)_mask.png,114,40,450,264,282,152,Dataset_BUSI_with_GT\benign\benign (341).png
benign (342)_mask.png,213,38,586,258,399,148,Dataset_BUSI_with_GT\benign\benign (342).png
benign (343)_mask.png,88,155,375,266,231,210,Dataset_BUSI_with_GT\benign\benign (343).png
benign (344)_mask.png,109,20,324,108,216,64,Dataset_BUSI_with_GT\benign\benign (344).png
benign (345)_mask.png,193,148,276,202,234,175,Dataset_BUSI_with_GT\benign\benign (345).png
benign (346)_mask.png,397,97,496,169,446,133,Dataset_BUSI_with_GT\benign\benign (346).png
benign (347)_mask.png,146,101,288,170,217,135,Dataset_BUSI_with_GT\benign\benign (347).png
benign (348)_mask.png,460,154,635,229,547,191,Dataset_BUSI_with_GT\benign\benign (348).png
benign (349)_mask.png,93,10,220,68,156,39,Dataset_BUSI_with_GT\benign\benign (349).png
benign (35)_mask.png,59,98,144,158,101,128,Dataset_BUSI_with_GT\benign\benign (35).png
benign (350)_mask.png,243,95,597,329,420,212,Dataset_BUSI_with_GT\benign\benign (350).png
benign (351)_mask.png,274,209,389,303,331,256,Dataset_BUSI_with_GT\benign\benign (351).png
benign (352)_mask.png,324,37,400,100,362,68,Dataset_BUSI_with_GT\benign\benign (352).png
benign (353)_mask.png,190,123,332,178,261,150,Dataset_BUSI_with_GT\benign\benign (353).png
benign (354)_mask.png,145,114,444,269,294,191,Dataset_BUSI_with_GT\benign\benign (354).png
benign (355)_mask.png,98,40,483,217,290,128,Dataset_BUSI_with_GT\benign\benign (355).png
benign (356)_mask.png,60,15,404,163,232,89,Dataset_BUSI_with_GT\benign\benign (356).png
benign (357)_mask.png,168,125,342,208,255,166,Dataset_BUSI_with_GT\benign\benign (357).png
benign (358)_mask.png,191,128,379,228,285,178,Dataset_BUSI_with_GT\benign\benign (358).png
benign (359)_mask.png,209,112,324,173,266,142,Dataset_BUSI_with_GT\benign\benign (359).png
benign (36)_mask.png,169,167,379,326,274,246,Dataset_BUSI_with_GT\benign\benign (36).png
benign (360)_mask.png,387,40,541,185,464,112,Dataset_BUSI_with_GT\benign\benign (360).png
benign (361)_mask.png,116,143,399,256,257,199,Dataset_BUSI_with_GT\benign\benign (361).png
benign (362)_mask.png,156,168,256,225,206,196,Dataset_BUSI_with_GT\benign\benign (362).png
benign (363)_mask.png,229,155,376,214,302,184,Dataset_BUSI_with_GT\benign\benign (363).png
benign (364)_mask.png,133,61,333,160,233,110,Dataset_BUSI_with_GT\benign\benign (364).png
benign (365)_mask.png,124,123,268,205,196,164,Dataset_BUSI_with_GT\benign\benign (365).png
benign (366)_mask.png,194,70,414,197,304,133,Dataset_BUSI_with_GT\benign\benign (366).png
benign (367)_mask.png,71,229,464,346,267,287,Dataset_BUSI_with_GT\benign\benign (367).png
benign (368)_mask.png,120,100,254,190,187,145,Dataset_BUSI_with_GT\benign\benign (368).png
benign (369)_mask.png,232,129,343,209,287,169,Dataset_BUSI_with_GT\benign\benign (369).png
benign (37)_mask.png,181,64,266,152,223,108,Dataset_BUSI_with_GT\benign\benign (37).png
benign (370)_mask.png,177,45,479,234,328,139,Dataset_BUSI_with_GT\benign\benign (370).png
benign (371)_mask.png,410,116,703,502,556,309,Dataset_BUSI_with_GT\benign\benign (371).png
benign (372)_mask.png,103,74,326,212,214,143,Dataset_BUSI_with_GT\benign\benign (372).png
benign (373)_mask.png,120,118,275,221,197,169,Dataset_BUSI_with_GT\benign\benign (373).png
benign (374)_mask.png,149,89,225,126,187,107,Dataset_BUSI_with_GT\benign\benign (374).png
benign (375)_mask.png,187,91,487,254,337,172,Dataset_BUSI_with_GT\benign\benign (375).png
benign (376)_mask.png,143,55,480,285,311,170,Dataset_BUSI_with_GT\benign\benign (376).png
benign (377)_mask.png,356,34,513,131,434,82,Dataset_BUSI_with_GT\benign\benign (377).png
benign (378)_mask.png,198,37,357,116,277,76,Dataset_BUSI_with_GT\benign\benign (378).png
benign (379)_mask.png,431,64,733,159,582,111,Dataset_BUSI_with_GT\benign\benign (379).png
benign (38)_mask.png,283,63,393,147,338,105,Dataset_BUSI_with_GT\benign\benign (38).png
benign (380)_mask.png,281,146,430,229,355,187,Dataset_BUSI_with_GT\benign\benign (380).png
benign (381)_mask.png,175,77,443,238,309,157,Dataset_BUSI_with_GT\benign\benign (381).png
benign (382)_mask.png,47,53,460,211,253,132,Dataset_BUSI_with_GT\benign\benign (382).png
benign (383)_mask.png,208,228,402,354,305,291,Dataset_BUSI_with_GT\benign\benign (383).png
benign (384)_mask.png,88,47,486,171,287,109,Dataset_BUSI_with_GT\benign\benign (384).png
benign (385)_mask.png,200,71,383,156,291,113,Dataset_BUSI_with_GT\benign\benign (385).png
benign (386)_mask.png,288,48,514,216,401,132,Dataset_BUSI_with_GT\benign\benign (386).png
benign (387)_mask.png,151,103,377,230,264,166,Dataset_BUSI_with_GT\benign\benign (387).png
benign (388)_mask.png,320,220,498,293,409,256,Dataset_BUSI_with_GT\benign\benign (388).png
benign (389)_mask.png,414,111,622,210,518,160,Dataset_BUSI_with_GT\benign\benign (389).png
benign (39)_mask.png,132,155,247,242,189,198,Dataset_BUSI_with_GT\benign\benign (39).png
benign (390)_mask.png,420,148,589,232,504,190,Dataset_BUSI_with_GT\benign\benign (390).png
benign (391)_mask.png,28,170,533,327,280,248,Dataset_BUSI_with_GT\benign\benign (391).png
benign (392)_mask.png,62,89,499,354,280,221,Dataset_BUSI_with_GT\benign\benign (392).png
benign (393)_mask.png,173,48,568,432,370,240,Dataset_BUSI_with_GT\benign\benign (393).png
benign (394)_mask.png,155,142,352,227,253,184,Dataset_BUSI_with_GT\benign\benign (394).png
benign (395)_mask.png,202,20,500,218,351,119,Dataset_BUSI_with_GT\benign\benign (395).png
benign (396)_mask.png,40,94,201,128,120,111,Dataset_BUSI_with_GT\benign\benign (396).png
benign (397)_mask.png,8,53,256,232,132,142,Dataset_BUSI_with_GT\benign\benign (397).png
benign (398)_mask.png,142,42,560,234,351,138,Dataset_BUSI_with_GT\benign\benign (398).png
benign (399)_mask.png,156,69,452,243,304,156,Dataset_BUSI_with_GT\benign\benign (399).png
benign (4)_mask.png,77,108,151,159,114,133,Dataset_BUSI_with_GT\benign\benign (4).png
benign (40)_mask.png,245,147,397,236,321,191,Dataset_BUSI_with_GT\benign\benign (40).png
benign (400)_mask.png,106,55,710,443,408,249,Dataset_BUSI_with_GT\benign\benign (400).png
benign (401)_mask.png,156,28,397,208,276,118,Dataset_BUSI_with_GT\benign\benign (401).png
benign (402)_mask.png,316,63,546,153,431,108,Dataset_BUSI_with_GT\benign\benign (402).png
benign (403)_mask.png,72,57,379,233,225,145,Dataset_BUSI_with_GT\benign\benign (403).png
benign (404)_mask.png,85,50,768,451,426,250,Dataset_BUSI_with_GT\benign\benign (404).png
benign (405)_mask.png,43,31,553,242,298,136,Dataset_BUSI_with_GT\benign\benign (405).png
benign (406)_mask.png,163,55,449,249,306,152,Dataset_BUSI_with_GT\benign\benign (406).png
benign (407)_mask.png,48,156,503,435,275,295,Dataset_BUSI_with_GT\benign\benign (407).png
benign (408)_mask.png,104,60,427,165,265,112,Dataset_BUSI_with_GT\benign\benign (408).png
benign (409)_mask.png,31,46,548,322,289,184,Dataset_BUSI_with_GT\benign\benign (409).png
benign (41)_mask.png,124,213,371,367,247,290,Dataset_BUSI_with_GT\benign\benign (41).png
benign (410)_mask.png,-5,62,309,208,152,135,Dataset_BUSI_with_GT\benign\benign (410).png
benign (411)_mask.png,203,22,497,214,350,118,Dataset_BUSI_with_GT\benign\benign (411).png
benign (412)_mask.png,70,48,697,470,383,259,Dataset_BUSI_with_GT\benign\benign (412).png
benign (413)_mask.png,59,93,183,128,121,110,Dataset_BUSI_with_GT\benign\benign (413).png
benign (414)_mask.png,61,48,731,395,396,221,Dataset_BUSI_with_GT\benign\benign (414).png
benign (415)_mask.png,75,50,770,470,422,260,Dataset_BUSI_with_GT\benign\benign (415).png
benign (416)_mask.png,133,29,383,138,258,83,Dataset_BUSI_with_GT\benign\benign (416).png
benign (417)_mask.png,166,89,359,150,262,119,Dataset_BUSI_with_GT\benign\benign (417).png
benign (418)_mask.png,128,91,316,155,222,123,Dataset_BUSI_with_GT\benign\benign (418).png
benign (419)_mask.png,83,93,309,176,196,134,Dataset_BUSI_with_GT\benign\benign (419).png
benign (42)_mask.png,68,47,297,162,182,104,Dataset_BUSI_with_GT\benign\benign (42).png
benign (420)_mask.png,215,112,681,304,448,208,Dataset_BUSI_with_GT\benign\benign (420).png
benign (421)_mask.png,-5,69,357,211,176,140,Dataset_BUSI_with_GT\benign\benign (421).png
benign (422)_mask.png,122,196,653,378,387,287,Dataset_BUSI_with_GT\benign\benign (422).png
benign (423)_mask.png,147,24,478,111,312,67,Dataset_BUSI_with_GT\benign\benign (423).png
benign (424)_mask.png,210,72,338,136,274,104,Dataset_BUSI_with_GT\benign\benign (424).png
benign (425)_mask.png,297,95,415,166,356,130,Dataset_BUSI_with_GT\benign\benign (425).png
benign (426)_mask.png,24,14,550,259,287,136,Dataset_BUSI_with_GT\benign\benign (426).png
benign (427)_mask.png,320,104,451,203,385,153,Dataset_BUSI_with_GT\benign\benign (427).png
benign (428)_mask.png,158,87,440,192,299,139,Dataset_BUSI_with_GT\benign\benign (428).png
benign (429)_mask.png,316,15,440,65,378,40,Dataset_BUSI_with_GT\benign\benign (429).png
benign (43)_mask.png,282,65,346,128,314,96,Dataset_BUSI_with_GT\benign\benign (43).png
benign (430)_mask.png,221,61,446,188,333,124,Dataset_BUSI_with_GT\benign\benign (430).png
benign (431)_mask.png,330,13,462,68,396,40,Dataset_BUSI_with_GT\benign\benign (431).png
benign (432)_mask.png,130,67,350,171,240,119,Dataset_BUSI_with_GT\benign\benign (432).png
benign (433)_mask.png,191,70,267,140,229,105,Dataset_BUSI_with_GT\benign\benign (433).png
benign (434)_mask.png,140,87,463,302,301,194,Dataset_BUSI_with_GT\benign\benign (434).png
benign (435)_mask.png,181,72,271,142,226,107,Dataset_BUSI_with_GT\benign\benign (435).png
benign (436)_mask.png,105,39,327,192,216,115,Dataset_BUSI_with_GT\benign\benign (436).png
benign (437)_mask.png,254,134,346,172,300,153,Dataset_BUSI_with_GT\benign\benign (437).png
benign (44)_mask.png,192,156,330,225,261,190,Dataset_BUSI_with_GT\benign\benign (44).png
benign (45)_mask.png,160,74,388,273,274,173,Dataset_BUSI_with_GT\benign\benign (45).png
benign (46)_mask.png,222,116,292,174,257,145,Dataset_BUSI_with_GT\benign\benign (46).png
benign (47)_mask.png,563,111,642,162,602,136,Dataset_BUSI_with_GT\benign\benign (47).png
benign (48)_mask.png,195,144,423,348,309,246,Dataset_BUSI_with_GT\benign\benign (48).png
benign (49)_mask.png,119,65,695,386,407,225,Dataset_BUSI_with_GT\benign\benign (49).png
benign (5)_mask.png,217,185,300,254,258,219,Dataset_BUSI_with_GT\benign\benign (5).png
benign (50)_mask.png,172,157,353,273,262,215,Dataset_BUSI_with_GT\benign\benign (50).png
benign (51)_mask.png,170,94,227,132,198,113,Dataset_BUSI_with_GT\benign\benign (51).png
benign (52)_mask.png,212,50,283,88,247,69,Dataset_BUSI_with_GT\benign\benign (52).png
benign (53)_mask.png,335,152,437,228,386,190,Dataset_BUSI_with_GT\benign\benign (53).png
benign (54)_mask.png,316,73,559,185,437,129,Dataset_BUSI_with_GT\benign\benign (54).png
benign (55)_mask.png,216,254,341,356,278,305,Dataset_BUSI_with_GT\benign\benign (55).png
benign (56)_mask.png,126,114,440,283,283,198,Dataset_BUSI_with_GT\benign\benign (56).png
benign (57)_mask.png,255,62,349,125,302,93,Dataset_BUSI_with_GT\benign\benign (57).png
benign (58)_mask.png,202,49,394,168,298,108,Dataset_BUSI_with_GT\benign\benign (58).png
benign (59)_mask.png,316,53,495,169,405,111,Dataset_BUSI_with_GT\benign\benign (59).png
benign (6)_mask.png,315,84,443,173,379,128,Dataset_BUSI_with_GT\benign\benign (6).png
benign (60)_mask.png,407,66,491,116,449,91,Dataset_BUSI_with_GT\benign\benign (60).png
benign (61)_mask.png,534,94,753,215,643,154,Dataset_BUSI_with_GT\benign\benign (61).png
benign (62)_mask.png,87,159,387,382,237,270,Dataset_BUSI_with_GT\benign\benign (62).png
benign (63)_mask.png,280,245,373,318,326,281,Dataset_BUSI_with_GT\benign\benign (63).png
benign (64)_mask.png,47,32,575,380,311,206,Dataset_BUSI_with_GT\benign\benign (64).png
benign (65)_mask.png,299,48,455,155,377,101,Dataset_BUSI_with_GT\benign\benign (65).png
benign (66)_mask.png,366,126,487,220,426,173,Dataset_BUSI_with_GT\benign\benign (66).png
benign (67)_mask.png,67,219,380,404,223,311,Dataset_BUSI_with_GT\benign\benign (67).png
benign (68)_mask.png,254,52,598,364,426,208,Dataset_BUSI_with_GT\benign\benign (68).png
benign (69)_mask.png,327,328,456,392,391,360,Dataset_BUSI_with_GT\benign\benign (69).png
benign (7)_mask.png,430,108,498,166,464,137,Dataset_BUSI_with_GT\benign\benign (7).png
benign (70)_mask.png,193,110,314,162,253,136,Dataset_BUSI_with_GT\benign\benign (70).png
benign (71)_mask.png,216,79,284,143,250,111,Dataset_BUSI_with_GT\benign\benign (71).png
benign (72)_mask.png,21,90,225,236,123,163,Dataset_BUSI_with_GT\benign\benign (72).png
benign (73)_mask.png,195,34,509,290,352,162,Dataset_BUSI_with_GT\benign\benign (73).png
benign (74)_mask.png,425,121,500,171,462,146,Dataset_BUSI_with_GT\benign\benign (74).png
benign (75)_mask.png,219,212,395,330,307,271,Dataset_BUSI_with_GT\benign\benign (75).png
benign (76)_mask.png,198,165,331,277,264,221,Dataset_BUSI_with_GT\benign\benign (76).png
benign (77)_mask.png,314,92,426,200,370,146,Dataset_BUSI_with_GT\benign\benign (77).png
benign (78)_mask.png,260,100,358,190,309,145,Dataset_BUSI_with_GT\benign\benign (78).png
benign (79)_mask.png,191,34,384,171,287,102,Dataset_BUSI_with_GT\benign\benign (79).png
benign (8)_mask.png,285,179,378,246,331,212,Dataset_BUSI_with_GT\benign\benign (8).png
benign (80)_mask.png,138,89,443,365,290,227,Dataset_BUSI_with_GT\benign\benign (80).png
benign (81)_mask.png,237,107,334,175,285,141,Dataset_BUSI_with_GT\benign\benign (81).png
benign (82)_mask.png,335,172,498,299,416,235,Dataset_BUSI_with_GT\benign\benign (82).png
benign (83)_mask.png,379,72,454,126,416,99,Dataset_BUSI_with_GT\benign\benign (83).png
benign (84)_mask.png,348,99,740,290,544,194,Dataset_BUSI_with_GT\benign\benign (84).png
benign (85)_mask.png,25,19,264,176,144,97,Dataset_BUSI_with_GT\benign\benign (85).png
benign (86)_mask.png,190,158,296,208,243,183,Dataset_BUSI_with_GT\benign\benign (86).png
benign (87)_mask.png,203,167,410,241,306,204,Dataset_BUSI_with_GT\benign\benign (87).png
benign (88)_mask.png,632,147,863,361,747,254,Dataset_BUSI_with_GT\benign\benign (88).png
benign (89)_mask.png,88,85,213,181,150,133,Dataset_BUSI_with_GT\benign\benign (89).png
benign (9)_mask.png,114,73,411,311,262,192,Dataset_BUSI_with_GT\benign\benign (9).png
benign (90)_mask.png,243,153,317,224,280,188,Dataset_BUSI_with_GT\benign\benign (90).png
benign (91)_mask.png,402,136,506,190,454,163,Dataset_BUSI_with_GT\benign\benign (91).png
benign (92)_mask.png,263,75,474,243,368,159,Dataset_BUSI_with_GT\benign\benign (92).png
benign (93)_mask.png,36,39,182,125,109,82,Dataset_BUSI_with_GT\benign\benign (93).png
benign (94)_mask.png,561,128,744,220,652,174,Dataset_BUSI_with_GT\benign\benign (94).png
benign (95)_mask.png,82,97,159,170,120,133,Dataset_BUSI_with_GT\benign\benign (95).png
benign (96)_mask.png,59,167,401,428,230,297,Dataset_BUSI_with_GT\benign\benign (96).png
benign (97)_mask.png,252,170,569,382,410,276,Dataset_BUSI_with_GT\benign\benign (97).png
benign (98)_mask.png,487,83,700,237,593,160,Dataset_BUSI_with_GT\benign\benign (98).png
benign (99)_mask.png,295,51,452,156,373,103,Dataset_BUSI_with_GT\benign\benign (99).png
